t,V_frozen,V_coupled,collapse_residual
0.0000,3.53263914e+03,3.53263914e+03,nan
0.0100,3.53087304e+03,3.53087304e+03,0.958082
0.0200,3.52910782e+03,3.52910746e+03,0.957881
0.0300,3.52734349e+03,3.52734240e+03,0.957680
0.0400,3.52558004e+03,3.52557788e+03,0.957478
0.0500,3.52381747e+03,3.52381388e+03,0.957277
0.0600,3.52205578e+03,3.52205042e+03,0.957075
0.0700,3.52029497e+03,3.52028750e+03,0.956873
0.0800,3.51853505e+03,3.51852513e+03,0.956671
0.0900,3.51677600e+03,3.51676331e+03,0.956470
0.1000,3.51501783e+03,3.51500204e+03,0.956268
0.1100,3.51326054e+03,3.51324132e+03,0.956065
0.1200,3.51150413e+03,3.51148117e+03,0.955863
0.1300,3.50974860e+03,3.50972158e+03,0.955661
0.1400,3.50799394e+03,3.50796256e+03,0.955459
0.1500,3.50624017e+03,3.50620411e+03,0.955256
0.1600,3.50448726e+03,3.50444623e+03,0.955054
0.1700,3.50273524e+03,3.50268894e+03,0.954851
0.1800,3.50098409e+03,3.50093222e+03,0.954648
0.1900,3.49923382e+03,3.49917610e+03,0.954445
0.2000,3.49748442e+03,3.49742056e+03,0.954243
0.2100,3.49573590e+03,3.49566561e+03,0.954040
0.2200,3.49398825e+03,3.49391126e+03,0.953836
0.2300,3.49224147e+03,3.49215750e+03,0.953633
0.2400,3.49049557e+03,3.49040435e+03,0.953430
0.2500,3.48875054e+03,3.48865180e+03,0.953227
0.2600,3.48700638e+03,3.48689986e+03,0.953023
0.2700,3.48526310e+03,3.48514852e+03,0.952820
0.2800,3.48352068e+03,3.48339780e+03,0.952616
0.2900,3.48177914e+03,3.48164770e+03,0.952412
0.3000,3.48003847e+03,3.47989821e+03,0.952208
0.3100,3.47829867e+03,3.47814935e+03,0.952005
0.3200,3.47655973e+03,3.47640111e+03,0.951801
0.3300,3.47482167e+03,3.47465349e+03,0.951596
0.3400,3.47308448e+03,3.47290651e+03,0.951392
0.3500,3.47134815e+03,3.47116015e+03,0.951188
0.3600,3.46961270e+03,3.46941443e+03,0.950984
0.3700,3.46787811e+03,3.46766934e+03,0.950779
0.3800,3.46614438e+03,3.46592490e+03,0.950575
0.3900,3.46441153e+03,3.46418109e+03,0.950370
0.4000,3.46267954e+03,3.46243793e+03,0.950166
0.4100,3.46094842e+03,3.46069541e+03,0.949961
0.4200,3.45921816e+03,3.45895354e+03,0.949756
0.4300,3.45748877e+03,3.45721232e+03,0.949551
0.4400,3.45576024e+03,3.45547175e+03,0.949346
0.4500,3.45403257e+03,3.45373184e+03,0.949141
0.4600,3.45230577e+03,3.45199258e+03,0.948936
0.4700,3.45057984e+03,3.45025398e+03,0.948731
0.4800,3.44885476e+03,3.44851604e+03,0.948526
0.4900,3.44713055e+03,3.44677876e+03,0.948320
0.5000,3.44540720e+03,3.44504214e+03,0.948115
0.5100,3.44368471e+03,3.44330619e+03,0.947910
0.5200,3.44196308e+03,3.44157091e+03,0.947704
0.5300,3.44024232e+03,3.43983630e+03,0.947498
0.5400,3.43852241e+03,3.43810236e+03,0.947293
0.5500,3.43680337e+03,3.43636909e+03,0.947087
0.5600,3.43508518e+03,3.43463650e+03,0.946881
0.5700,3.43336785e+03,3.43290459e+03,0.946675
0.5800,3.43165138e+03,3.43117335e+03,0.946469
0.5900,3.42993577e+03,3.42944279e+03,0.946263
0.6000,3.42822102e+03,3.42771292e+03,0.946057
0.6100,3.42650712e+03,3.42598373e+03,0.945851
0.6200,3.42479408e+03,3.42425522e+03,0.945645
0.6300,3.42308190e+03,3.42252740e+03,0.945439
0.6400,3.42137057e+03,3.42080026e+03,0.945232
0.6500,3.41966010e+03,3.41907382e+03,0.945026
0.6600,3.41795048e+03,3.41734807e+03,0.944819
0.6700,3.41624172e+03,3.41562301e+03,0.944613
0.6800,3.41453381e+03,3.41389864e+03,0.944406
0.6900,3.41282676e+03,3.41217497e+03,0.944200
0.7000,3.41112056e+03,3.41045199e+03,0.943993
0.7100,3.40941521e+03,3.40872972e+03,0.943786
0.7200,3.40771072e+03,3.40700814e+03,0.943579
0.7300,3.40600708e+03,3.40528726e+03,0.943373
0.7400,3.40430429e+03,3.40356709e+03,0.943166
0.7500,3.40260235e+03,3.40184762e+03,0.942959
0.7600,3.40090126e+03,3.40012885e+03,0.942752
0.7700,3.39920102e+03,3.39841079e+03,0.942545
0.7800,3.39750163e+03,3.39669344e+03,0.942337
0.7900,3.39580309e+03,3.39497679e+03,0.942130
0.8000,3.39410540e+03,3.39326085e+03,0.941923
0.8100,3.39240856e+03,3.39154563e+03,0.941716
0.8200,3.39071257e+03,3.38983111e+03,0.941508
0.8300,3.38901743e+03,3.38811731e+03,0.941301
0.8400,3.38732313e+03,3.38640423e+03,0.941093
0.8500,3.38562968e+03,3.38469185e+03,0.940885
0.8600,3.38393708e+03,3.38298020e+03,0.940677
0.8700,3.38224532e+03,3.38126926e+03,0.940469
0.8800,3.38055441e+03,3.37955904e+03,0.940261
0.8900,3.37886434e+03,3.37784954e+03,0.940052
0.9000,3.37717512e+03,3.37614076e+03,0.939844
0.9100,3.37548675e+03,3.37443270e+03,0.939636
0.9200,3.37379921e+03,3.37272536e+03,0.939427
0.9300,3.37211252e+03,3.37101875e+03,0.939219
0.9400,3.37042668e+03,3.36931286e+03,0.939010
0.9500,3.36874168e+03,3.36760770e+03,0.938802
0.9600,3.36705752e+03,3.36590326e+03,0.938593
0.9700,3.36537420e+03,3.36419955e+03,0.938385
0.9800,3.36369172e+03,3.36249657e+03,0.938176
0.9900,3.36201008e+03,3.36079432e+03,0.937967
1.0000,3.36032929e+03,3.35909279e+03,0.937759
1.0100,3.35864934e+03,3.35739200e+03,0.937550
1.0200,3.35697022e+03,3.35569194e+03,0.937341
1.0300,3.35529195e+03,3.35399261e+03,0.937132
1.0400,3.35361451e+03,3.35229401e+03,0.936924
1.0500,3.35193791e+03,3.35059615e+03,0.936715
1.0600,3.35026215e+03,3.34889902e+03,0.936506
1.0700,3.34858723e+03,3.34720263e+03,0.936297
1.0800,3.34691315e+03,3.34550697e+03,0.936088
1.0900,3.34523990e+03,3.34381205e+03,0.935879
1.1000,3.34356749e+03,3.34211787e+03,0.935670
1.1100,3.34189591e+03,3.34042443e+03,0.935461
1.1200,3.34022517e+03,3.33873172e+03,0.935252
1.1300,3.33855527e+03,3.33703976e+03,0.935043
1.1400,3.33688620e+03,3.33534853e+03,0.934834
1.1500,3.33521797e+03,3.33365805e+03,0.934625
1.1600,3.33355057e+03,3.33196831e+03,0.934416
1.1700,3.33188400e+03,3.33027931e+03,0.934206
1.1800,3.33021827e+03,3.32859105e+03,0.933997
1.1900,3.32855336e+03,3.32690354e+03,0.933788
1.2000,3.32688930e+03,3.32521677e+03,0.933579
1.2100,3.32522606e+03,3.32353075e+03,0.933369
1.2200,3.32356365e+03,3.32184547e+03,0.933160
1.2300,3.32190208e+03,3.32016094e+03,0.932951
1.2400,3.32024134e+03,3.31847716e+03,0.932742
1.2500,3.31858142e+03,3.31679412e+03,0.932532
1.2600,3.31692234e+03,3.31511183e+03,0.932323
1.2700,3.31526409e+03,3.31343029e+03,0.932113
1.2800,3.31360666e+03,3.31174950e+03,0.931904
1.2900,3.31195006e+03,3.31006945e+03,0.931695
1.3000,3.31029430e+03,3.30839016e+03,0.931485
1.3100,3.30863936e+03,3.30671162e+03,0.931276
1.3200,3.30698524e+03,3.30503383e+03,0.931066
1.3300,3.30533196e+03,3.30335679e+03,0.930857
1.3400,3.30367950e+03,3.30168050e+03,0.930647
1.3500,3.30202787e+03,3.30000496e+03,0.930438
1.3600,3.30037706e+03,3.29833018e+03,0.930228
1.3700,3.29872708e+03,3.29665615e+03,0.930019
1.3800,3.29707792e+03,3.29498288e+03,0.929809
1.3900,3.29542958e+03,3.29331036e+03,0.929600
1.4000,3.29378208e+03,3.29163859e+03,0.929390
1.4100,3.29213539e+03,3.28996758e+03,0.929180
1.4200,3.29048953e+03,3.28829733e+03,0.928971
1.4300,3.28884449e+03,3.28662783e+03,0.928761
1.4400,3.28720027e+03,3.28495909e+03,0.928551
1.4500,3.28555688e+03,3.28329110e+03,0.928342
1.4600,3.28391431e+03,3.28162388e+03,0.928132
1.4700,3.28227255e+03,3.27995741e+03,0.927923
1.4800,3.28063162e+03,3.27829169e+03,0.927713
1.4900,3.27899151e+03,3.27662674e+03,0.927503
1.5000,3.27735222e+03,3.27496255e+03,0.927293
1.5100,3.27571375e+03,3.27329911e+03,0.927084
1.5200,3.27407610e+03,3.27163643e+03,0.926874
1.5300,3.27243926e+03,3.26997452e+03,0.926664
1.5400,3.27080325e+03,3.26831336e+03,0.926455
1.5500,3.26916805e+03,3.26665297e+03,0.926245
1.5600,3.26753367e+03,3.26499333e+03,0.926035
1.5700,3.26590011e+03,3.26333446e+03,0.925825
1.5800,3.26426736e+03,3.26167635e+03,0.925616
1.5900,3.26263543e+03,3.26001900e+03,0.925406
1.6000,3.26100432e+03,3.25836241e+03,0.925196
1.6100,3.25937402e+03,3.25670659e+03,0.924986
1.6200,3.25774454e+03,3.25505153e+03,0.924777
1.6300,3.25611587e+03,3.25339723e+03,0.924567
1.6400,3.25448802e+03,3.25174369e+03,0.924357
1.6500,3.25286097e+03,3.25009092e+03,0.924147
1.6600,3.25123475e+03,3.24843891e+03,0.923937
1.6700,3.24960933e+03,3.24678767e+03,0.923728
1.6800,3.24798473e+03,3.24513719e+03,0.923518
1.6900,3.24636094e+03,3.24348747e+03,0.923308
1.7000,3.24473796e+03,3.24183852e+03,0.923098
1.7100,3.24311580e+03,3.24019034e+03,0.922889
1.7200,3.24149444e+03,3.23854292e+03,0.922679
1.7300,3.23987390e+03,3.23689626e+03,0.922469
1.7400,3.23825416e+03,3.23525037e+03,0.922259
1.7500,3.23663524e+03,3.23360525e+03,0.922049
1.7600,3.23501712e+03,3.23196090e+03,0.921840
1.7700,3.23339982e+03,3.23031731e+03,0.921630
1.7800,3.23178332e+03,3.22867448e+03,0.921420
1.7900,3.23016763e+03,3.22703243e+03,0.921210
1.8000,3.22855275e+03,3.22539114e+03,0.921000
1.8100,3.22693867e+03,3.22375062e+03,0.920791
1.8200,3.22532541e+03,3.22211086e+03,0.920581
1.8300,3.22371295e+03,3.22047188e+03,0.920371
1.8400,3.22210129e+03,3.21883366e+03,0.920161
1.8500,3.22049044e+03,3.21719621e+03,0.919951
1.8600,3.21888040e+03,3.21555953e+03,0.919742
1.8700,3.21727116e+03,3.21392361e+03,0.919532
1.8800,3.21566272e+03,3.21228847e+03,0.919322
1.8900,3.21405509e+03,3.21065409e+03,0.919112
1.9000,3.21244827e+03,3.20902048e+03,0.918903
1.9100,3.21084224e+03,3.20738764e+03,0.918693
1.9200,3.20923702e+03,3.20575558e+03,0.918483
1.9300,3.20763260e+03,3.20412427e+03,0.918273
1.9400,3.20602899e+03,3.20249374e+03,0.918064
1.9500,3.20442617e+03,3.20086398e+03,0.917854
1.9600,3.20282416e+03,3.19923499e+03,0.917644
1.9700,3.20122295e+03,3.19760677e+03,0.917434
1.9800,3.19962254e+03,3.19597932e+03,0.917225
1.9900,3.19802293e+03,3.19435263e+03,0.917015
2.0000,3.19642412e+03,3.19272672e+03,0.916805
2.0100,3.19482610e+03,3.19110158e+03,0.916596
2.0200,3.19322889e+03,3.18947721e+03,0.916386
2.0300,3.19163248e+03,3.18785361e+03,0.916176
2.0400,3.19003686e+03,3.18623077e+03,0.915967
2.0500,3.18844204e+03,3.18460871e+03,0.915757
2.0600,3.18684802e+03,3.18298742e+03,0.915547
2.0700,3.18525479e+03,3.18136691e+03,0.915338
2.0800,3.18366236e+03,3.17974716e+03,0.915128
2.0900,3.18207073e+03,3.17812818e+03,0.914918
2.1000,3.18047990e+03,3.17650997e+03,0.914709
2.1100,3.17888985e+03,3.17489254e+03,0.914499
2.1200,3.17730061e+03,3.17327588e+03,0.914290
2.1300,3.17571216e+03,3.17165998e+03,0.914080
2.1400,3.17412450e+03,3.17004486e+03,0.913870
2.1500,3.17253764e+03,3.16843051e+03,0.913661
2.1600,3.17095156e+03,3.16681693e+03,0.913451
2.1700,3.16936629e+03,3.16520413e+03,0.913242
2.1800,3.16778180e+03,3.16359209e+03,0.913032
2.1900,3.16619811e+03,3.16198083e+03,0.912823
2.2000,3.16461521e+03,3.16037034e+03,0.912613
2.2100,3.16303310e+03,3.15876061e+03,0.912404
2.2200,3.16145178e+03,3.15715167e+03,0.912194
2.2300,3.15987125e+03,3.15554349e+03,0.911985
2.2400,3.15829151e+03,3.15393608e+03,0.911774
2.2500,3.15671256e+03,3.15232944e+03,0.911562
2.2600,3.15513441e+03,3.15072357e+03,0.911350
2.2700,3.15355704e+03,3.14911847e+03,0.911138
2.2800,3.15198045e+03,3.14751413e+03,0.910927
2.2900,3.15040466e+03,3.14591056e+03,0.910715
2.3000,3.14882966e+03,3.14430776e+03,0.910503
2.3100,3.14725544e+03,3.14270573e+03,0.910291
2.3200,3.14568201e+03,3.14110447e+03,0.910080
2.3300,3.14410936e+03,3.13950398e+03,0.909868
2.3400,3.14253750e+03,3.13790425e+03,0.909656
2.3500,3.14096643e+03,3.13630529e+03,0.909445
2.3600,3.13939614e+03,3.13470710e+03,0.909233
2.3700,3.13782664e+03,3.13310968e+03,0.909021
2.3800,3.13625793e+03,3.13151303e+03,0.908810
2.3900,3.13468999e+03,3.12991714e+03,0.908598
2.4000,3.13312284e+03,3.12832203e+03,0.908387
2.4100,3.13155648e+03,3.12672768e+03,0.908175
2.4200,3.12999090e+03,3.12513410e+03,0.907964
2.4300,3.12842610e+03,3.12354129e+03,0.907753
2.4400,3.12686208e+03,3.12194925e+03,0.907541
2.4500,3.12529884e+03,3.12035797e+03,0.907330
2.4600,3.12373639e+03,3.11876747e+03,0.907118
2.4700,3.12217472e+03,3.11717773e+03,0.906907
2.4800,3.12061382e+03,3.11558876e+03,0.906696
2.4900,3.11905371e+03,3.11400056e+03,0.906485
2.5000,3.11749438e+03,3.11241312e+03,0.906274
2.5100,3.11593583e+03,3.11082646e+03,0.906062
2.5200,3.11437805e+03,3.10924056e+03,0.905851
2.5300,3.11282106e+03,3.10765543e+03,0.905640
2.5400,3.11126484e+03,3.10607107e+03,0.905429
2.5500,3.10970941e+03,3.10448748e+03,0.905218
2.5600,3.10815475e+03,3.10290465e+03,0.905007
2.5700,3.10660086e+03,3.10132259e+03,0.904796
2.5800,3.10504776e+03,3.09974131e+03,0.904585
2.5900,3.10349543e+03,3.09816078e+03,0.904374
2.6000,3.10194387e+03,3.09658103e+03,0.904163
2.6100,3.10039309e+03,3.09500205e+03,0.903953
2.6200,3.09884309e+03,3.09342383e+03,0.903742
2.6300,3.09729386e+03,3.09184638e+03,0.903531
2.6400,3.09574541e+03,3.09026970e+03,0.903320
2.6500,3.09419773e+03,3.08869378e+03,0.903109
2.6600,3.09265083e+03,3.08711864e+03,0.902899
2.6700,3.09110469e+03,3.08554426e+03,0.902688
2.6800,3.08955933e+03,3.08397064e+03,0.902477
2.6900,3.08801475e+03,3.08239780e+03,0.902267
2.7000,3.08647093e+03,3.08082572e+03,0.902056
2.7100,3.08492789e+03,3.07925441e+03,0.901846
2.7200,3.08338562e+03,3.07768387e+03,0.901635
2.7300,3.08184412e+03,3.07611409e+03,0.901425
2.7400,3.08030339e+03,3.07454508e+03,0.901214
2.7500,3.07876343e+03,3.07297684e+03,0.901004
2.7600,3.07722424e+03,3.07140937e+03,0.900794
2.7700,3.07568582e+03,3.06984266e+03,0.900583
2.7800,3.07414817e+03,3.06827672e+03,0.900373
2.7900,3.07261129e+03,3.06671154e+03,0.900163
2.8000,3.07107518e+03,3.06514714e+03,0.899953
2.8100,3.06953983e+03,3.06358349e+03,0.899742
2.8200,3.06800525e+03,3.06202062e+03,0.899532
2.8300,3.06647144e+03,3.06045851e+03,0.899322
2.8400,3.06493840e+03,3.05889717e+03,0.899112
2.8500,3.06340612e+03,3.05733659e+03,0.898902
2.8600,3.06187461e+03,3.05577678e+03,0.898692
2.8700,3.06034386e+03,3.05421774e+03,0.898482
2.8800,3.05881388e+03,3.05265946e+03,0.898272
2.8900,3.05728467e+03,3.05110194e+03,0.898062
2.9000,3.05575621e+03,3.04954520e+03,0.897852
2.9100,3.05422853e+03,3.04798921e+03,0.897642
2.9200,3.05270160e+03,3.04643400e+03,0.897432
2.9300,3.05117544e+03,3.04487955e+03,0.897222
2.9400,3.04965005e+03,3.04332586e+03,0.897013
2.9500,3.04812541e+03,3.04177294e+03,0.896803
2.9600,3.04660154e+03,3.04022078e+03,0.896593
2.9700,3.04507843e+03,3.03866939e+03,0.896384
2.9800,3.04355608e+03,3.03711877e+03,0.896174
2.9900,3.04203449e+03,3.03556891e+03,0.895964
3.0000,3.04051367e+03,3.03401981e+03,0.895755
3.0100,3.03899360e+03,3.03247148e+03,0.895545
3.0200,3.03747429e+03,3.03092391e+03,0.895336
3.0300,3.03595574e+03,3.02937710e+03,0.895126
3.0400,3.03443796e+03,3.02783106e+03,0.894917
3.0500,3.03292093e+03,3.02628579e+03,0.894707
3.0600,3.03140466e+03,3.02474128e+03,0.894498
3.0700,3.02988914e+03,3.02319753e+03,0.894289
3.0800,3.02837439e+03,3.02165454e+03,0.894079
3.0900,3.02686039e+03,3.02011232e+03,0.893870
3.1000,3.02534715e+03,3.01857086e+03,0.893661
3.1100,3.02383466e+03,3.01703017e+03,0.893452
3.1200,3.02232294e+03,3.01549024e+03,0.893243
3.1300,3.02081196e+03,3.01395107e+03,0.893034
3.1400,3.01930175e+03,3.01241266e+03,0.892824
3.1500,3.01779228e+03,3.01087502e+03,0.892615
3.1600,3.01628358e+03,3.00933813e+03,0.892406
3.1700,3.01477562e+03,3.00780202e+03,0.892197
3.1800,3.01326842e+03,3.00626666e+03,0.891989
3.1900,3.01176198e+03,3.00473206e+03,0.891780
3.2000,3.01025629e+03,3.00319823e+03,0.891571
3.2100,3.00875135e+03,3.00166516e+03,0.891362
3.2200,3.00724716e+03,3.00013285e+03,0.891153
3.2300,3.00574372e+03,2.99860130e+03,0.890944
3.2400,3.00424104e+03,2.99707052e+03,0.890736
3.2500,3.00273911e+03,2.99554049e+03,0.890527
3.2600,3.00123792e+03,2.99401123e+03,0.890318
3.2700,2.99973749e+03,2.99248273e+03,0.890110
3.2800,2.99823781e+03,2.99095498e+03,0.889901
3.2900,2.99673888e+03,2.98942800e+03,0.889693
3.3000,2.99524070e+03,2.98790178e+03,0.889484
3.3100,2.99374326e+03,2.98637632e+03,0.889276
3.3200,2.99224658e+03,2.98485162e+03,0.889067
3.3300,2.99075064e+03,2.98332768e+03,0.888859
3.3400,2.98925546e+03,2.98180450e+03,0.888650
3.3500,2.98776101e+03,2.98028207e+03,0.888442
3.3600,2.98626732e+03,2.97876041e+03,0.888234
3.3700,2.98477437e+03,2.97723951e+03,0.888025
3.3800,2.98328217e+03,2.97571937e+03,0.887817
3.3900,2.98179072e+03,2.97419998e+03,0.887609
3.4000,2.98030001e+03,2.97268135e+03,0.887401
3.4100,2.97881005e+03,2.97116349e+03,0.887193
3.4200,2.97732083e+03,2.96964638e+03,0.886985
3.4300,2.97583235e+03,2.96813003e+03,0.886777
3.4400,2.97434462e+03,2.96661444e+03,0.886569
3.4500,2.97285764e+03,2.96509960e+03,0.886361
3.4600,2.97137139e+03,2.96358553e+03,0.886153
3.4700,2.96988589e+03,2.96207221e+03,0.885945
3.4800,2.96840114e+03,2.96055965e+03,0.885737
3.4900,2.96691712e+03,2.95904784e+03,0.885529
3.5000,2.96543385e+03,2.95753679e+03,0.885321
3.5100,2.96395132e+03,2.95602650e+03,0.885114
3.5200,2.96246953e+03,2.95451697e+03,0.884906
3.5300,2.96098848e+03,2.95300819e+03,0.884698
3.5400,2.95950817e+03,2.95150017e+03,0.884491
3.5500,2.95802860e+03,2.94999291e+03,0.884283
3.5600,2.95654977e+03,2.94848640e+03,0.884075
3.5700,2.95507168e+03,2.94698065e+03,0.883868
3.5800,2.95359433e+03,2.94547565e+03,0.883660
3.5900,2.95211771e+03,2.94397141e+03,0.883453
3.6000,2.95064184e+03,2.94246793e+03,0.883246
3.6100,2.94916670e+03,2.94096520e+03,0.883038
3.6200,2.94769230e+03,2.93946322e+03,0.882831
3.6300,2.94621864e+03,2.93796200e+03,0.882624
3.6400,2.94474572e+03,2.93646153e+03,0.882416
3.6500,2.94327353e+03,2.93496182e+03,0.882209
3.6600,2.94180208e+03,2.93346286e+03,0.882002
3.6700,2.94033136e+03,2.93196466e+03,0.881795
3.6800,2.93886138e+03,2.93046721e+03,0.881588
3.6900,2.93739213e+03,2.92897051e+03,0.881381
3.7000,2.93592362e+03,2.92747457e+03,0.881174
3.7100,2.93445584e+03,2.92597938e+03,0.880967
3.7200,2.93298879e+03,2.92448494e+03,0.880760
3.7300,2.93152248e+03,2.92299126e+03,0.880553
3.7400,2.93005690e+03,2.92149833e+03,0.880346
3.7500,2.92859206e+03,2.92000615e+03,0.880139
3.7600,2.92712795e+03,2.91851472e+03,0.879932
3.7700,2.92566457e+03,2.91702404e+03,0.879725
3.7800,2.92420192e+03,2.91553412e+03,0.879519
3.7900,2.92274000e+03,2.91404495e+03,0.879312
3.8000,2.92127881e+03,2.91255653e+03,0.879105
3.8100,2.91981835e+03,2.91106886e+03,0.878899
3.8200,2.91835863e+03,2.90958194e+03,0.878692
3.8300,2.91689963e+03,2.90809578e+03,0.878486
3.8400,2.91544136e+03,2.90661036e+03,0.878279
3.8500,2.91398382e+03,2.90512569e+03,0.878073
3.8600,2.91252701e+03,2.90364178e+03,0.877866
3.8700,2.91107093e+03,2.90215861e+03,0.877660
3.8800,2.90961558e+03,2.90067620e+03,0.877453
3.8900,2.90816095e+03,2.89919453e+03,0.877247
3.9000,2.90670705e+03,2.89771361e+03,0.877041
3.9100,2.90525388e+03,2.89623344e+03,0.876835
3.9200,2.90380144e+03,2.89475403e+03,0.876628
3.9300,2.90234972e+03,2.89327535e+03,0.876422
3.9400,2.90089872e+03,2.89179743e+03,0.876216
3.9500,2.89944846e+03,2.89032026e+03,0.876010
3.9600,2.89799891e+03,2.88884383e+03,0.875804
3.9700,2.89655010e+03,2.88736816e+03,0.875598
3.9800,2.89510200e+03,2.88589323e+03,0.875392
3.9900,2.89365463e+03,2.88441904e+03,0.875186
4.0000,2.89220798e+03,2.88294561e+03,0.874980
4.0100,2.89076206e+03,2.88147292e+03,0.874774
4.0200,2.88931686e+03,2.88000098e+03,0.874569
4.0300,2.88787238e+03,2.87852979e+03,0.874363
4.0400,2.88642863e+03,2.87705934e+03,0.874157
4.0500,2.88498559e+03,2.87558963e+03,0.873951
4.0600,2.88354328e+03,2.87412068e+03,0.873746
4.0700,2.88210169e+03,2.87265247e+03,0.873540
4.0800,2.88066082e+03,2.87118500e+03,0.873335
4.0900,2.87922067e+03,2.86971828e+03,0.873129
4.1000,2.87778124e+03,2.86825231e+03,0.872924
4.1100,2.87634253e+03,2.86678708e+03,0.872718
4.1200,2.87490454e+03,2.86532259e+03,0.872513
4.1300,2.87346726e+03,2.86385885e+03,0.872307
4.1400,2.87203071e+03,2.86239585e+03,0.872102
4.1500,2.87059487e+03,2.86093360e+03,0.871897
4.1600,2.86915976e+03,2.85947209e+03,0.871691
4.1700,2.86772536e+03,2.85801133e+03,0.871486
4.1800,2.86629167e+03,2.85655130e+03,0.871281
4.1900,2.86485871e+03,2.85509203e+03,0.871076
4.2000,2.86342645e+03,2.85363349e+03,0.870871
4.2100,2.86199492e+03,2.85217570e+03,0.870666
4.2200,2.86056410e+03,2.85071864e+03,0.870461
4.2300,2.85913400e+03,2.84926233e+03,0.870256
4.2400,2.85770461e+03,2.84780677e+03,0.870051
4.2500,2.85627594e+03,2.84635194e+03,0.869846
4.2600,2.85484798e+03,2.84489786e+03,0.869641
4.2700,2.85342073e+03,2.84344451e+03,0.869436
4.2800,2.85199420e+03,2.84199191e+03,0.869231
4.2900,2.85056838e+03,2.84054005e+03,0.869027
4.3000,2.84914327e+03,2.83908893e+03,0.868822
4.3100,2.84771888e+03,2.83763855e+03,0.868617
4.3200,2.84629520e+03,2.83618891e+03,0.868413
4.3300,2.84487223e+03,2.83474001e+03,0.868208
4.3400,2.84344997e+03,2.83329184e+03,0.868004
4.3500,2.84202842e+03,2.83184442e+03,0.867799
4.3600,2.84060759e+03,2.83039774e+03,0.867595
4.3700,2.83918746e+03,2.82895179e+03,0.867390
4.3800,2.83776805e+03,2.82750659e+03,0.867186
4.3900,2.83634934e+03,2.82606212e+03,0.866981
4.4000,2.83493134e+03,2.82461839e+03,0.866777
4.4100,2.83351405e+03,2.82317540e+03,0.866573
4.4200,2.83209747e+03,2.82173315e+03,0.866369
4.4300,2.83068160e+03,2.82029163e+03,0.866164
4.4400,2.82926644e+03,2.81885085e+03,0.865960
4.4500,2.82785198e+03,2.81741081e+03,0.865756
4.4600,2.82643823e+03,2.81597151e+03,0.865552
4.4700,2.82502519e+03,2.81453294e+03,0.865348
4.4800,2.82361285e+03,2.81309511e+03,0.865144
4.4900,2.82220122e+03,2.81165801e+03,0.864940
4.5000,2.82079030e+03,2.81022165e+03,0.864736
4.5100,2.81938008e+03,2.80878603e+03,0.864532
4.5200,2.81797057e+03,2.80735114e+03,0.864329
4.5300,2.81656176e+03,2.80591698e+03,0.864125
4.5400,2.81515365e+03,2.80448356e+03,0.863921
4.5500,2.81374625e+03,2.80305088e+03,0.863717
4.5600,2.81233955e+03,2.80161893e+03,0.863514
4.5700,2.81093356e+03,2.80018771e+03,0.863310
4.5800,2.80952827e+03,2.79875723e+03,0.863107
4.5900,2.80812368e+03,2.79732748e+03,0.862903
4.6000,2.80671979e+03,2.79589846e+03,0.862699
4.6100,2.80531661e+03,2.79447018e+03,0.862496
4.6200,2.80391413e+03,2.79304263e+03,0.862293
4.6300,2.80251234e+03,2.79161581e+03,0.862089
4.6400,2.80111126e+03,2.79018973e+03,0.861886
4.6500,2.79971088e+03,2.78876437e+03,0.861683
4.6600,2.79831120e+03,2.78733975e+03,0.861479
4.6700,2.79691222e+03,2.78591586e+03,0.861276
4.6800,2.79551394e+03,2.78449270e+03,0.861073
4.6900,2.79411636e+03,2.78307028e+03,0.860870
4.7000,2.79271947e+03,2.78164858e+03,0.860667
4.7100,2.79132329e+03,2.78022761e+03,0.860464
4.7200,2.78992780e+03,2.77880738e+03,0.860261
4.7300,2.78853301e+03,2.77738787e+03,0.860058
4.7400,2.78713892e+03,2.77596910e+03,0.859855
4.7500,2.78574553e+03,2.77455105e+03,0.859652
4.7600,2.78435283e+03,2.77313374e+03,0.859449
4.7700,2.78296082e+03,2.77171715e+03,0.859246
4.7800,2.78156952e+03,2.77030129e+03,0.859043
4.7900,2.78017891e+03,2.76888616e+03,0.858841
4.8000,2.77878899e+03,2.76747176e+03,0.858638
4.8100,2.77739977e+03,2.76605809e+03,0.858435
4.8200,2.77601124e+03,2.76464514e+03,0.858233
4.8300,2.77462341e+03,2.76323292e+03,0.858030
4.8400,2.77323627e+03,2.76182143e+03,0.857828
4.8500,2.77184983e+03,2.76041067e+03,0.857625
4.8600,2.77046408e+03,2.75900063e+03,0.857423
4.8700,2.76907902e+03,2.75759132e+03,0.857220
4.8800,2.76769465e+03,2.75618274e+03,0.857018
4.8900,2.76631098e+03,2.75477488e+03,0.856816
4.9000,2.76492800e+03,2.75336775e+03,0.856613
4.9100,2.76354570e+03,2.75196134e+03,0.856411
4.9200,2.76216410e+03,2.75055566e+03,0.856209
4.9300,2.76078319e+03,2.74915070e+03,0.856007
4.9400,2.75940298e+03,2.74774647e+03,0.855805
4.9500,2.75802345e+03,2.74634297e+03,0.855603
4.9600,2.75664461e+03,2.74494018e+03,0.855401
4.9700,2.75526646e+03,2.74353813e+03,0.855199
4.9800,2.75388900e+03,2.74213679e+03,0.854997
4.9900,2.75251222e+03,2.74073618e+03,0.854795
5.0000,2.75113614e+03,2.73933629e+03,0.854593
5.0100,2.74976074e+03,2.73793713e+03,0.854391
5.0200,2.74838603e+03,2.73653868e+03,0.854189
5.0300,2.74701201e+03,2.73514097e+03,0.853988
5.0400,2.74563868e+03,2.73374397e+03,0.853786
5.0500,2.74426603e+03,2.73234769e+03,0.853584
5.0600,2.74289407e+03,2.73095214e+03,0.853383
5.0700,2.74152279e+03,2.72955731e+03,0.853181
5.0800,2.74015220e+03,2.72816319e+03,0.852980
5.0900,2.73878230e+03,2.72676980e+03,0.852778
5.1000,2.73741308e+03,2.72537713e+03,0.852577
5.1100,2.73604454e+03,2.72398518e+03,0.852375
5.1200,2.73467669e+03,2.72259395e+03,0.852174
5.1300,2.73330953e+03,2.72120345e+03,0.851973
5.1400,2.73194304e+03,2.71981366e+03,0.851771
5.1500,2.73057724e+03,2.71842458e+03,0.851570
5.1600,2.72921212e+03,2.71703623e+03,0.851369
5.1700,2.72784769e+03,2.71564860e+03,0.851168
5.1800,2.72648393e+03,2.71426169e+03,0.850967
5.1900,2.72512086e+03,2.71287549e+03,0.850765
5.2000,2.72375847e+03,2.71149001e+03,0.850564
5.2100,2.72239676e+03,2.71010525e+03,0.850363
5.2200,2.72103574e+03,2.70872121e+03,0.850162
5.2300,2.71967539e+03,2.70733788e+03,0.849962
5.2400,2.71831572e+03,2.70595528e+03,0.849761
5.2500,2.71695673e+03,2.70457338e+03,0.849560
5.2600,2.71559842e+03,2.70319221e+03,0.849359
5.2700,2.71424079e+03,2.70181175e+03,0.849158
5.2800,2.71288384e+03,2.70043201e+03,0.848958
5.2900,2.71152757e+03,2.69905298e+03,0.848757
5.3000,2.71017198e+03,2.69767467e+03,0.848556
5.3100,2.70881706e+03,2.69629707e+03,0.848356
5.3200,2.70746282e+03,2.69492019e+03,0.848155
5.3300,2.70610926e+03,2.69354402e+03,0.847955
5.3400,2.70475637e+03,2.69216857e+03,0.847754
5.3500,2.70340416e+03,2.69079383e+03,0.847554
5.3600,2.70205263e+03,2.68941980e+03,0.847354
5.3700,2.70070177e+03,2.68804649e+03,0.847153
5.3800,2.69935159e+03,2.68667389e+03,0.846953
5.3900,2.69800208e+03,2.68530200e+03,0.846753
5.4000,2.69665325e+03,2.68393083e+03,0.846553
5.4100,2.69530509e+03,2.68256037e+03,0.846352
5.4200,2.69395761e+03,2.68119062e+03,0.846152
5.4300,2.69261080e+03,2.67982158e+03,0.845952
5.4400,2.69126466e+03,2.67845326e+03,0.845752
5.4500,2.68991920e+03,2.67708565e+03,0.845552
5.4600,2.68857441e+03,2.67571874e+03,0.845352
5.4700,2.68723029e+03,2.67435255e+03,0.845152
5.4800,2.68588684e+03,2.67298707e+03,0.844952
5.4900,2.68454406e+03,2.67162230e+03,0.844753
5.5000,2.68320196e+03,2.67025824e+03,0.844553
5.5100,2.68186053e+03,2.66889489e+03,0.844353
5.5200,2.68051976e+03,2.66753224e+03,0.844153
5.5300,2.67917967e+03,2.66617031e+03,0.843954
5.5400,2.67784025e+03,2.66480909e+03,0.843754
5.5500,2.67650150e+03,2.66344857e+03,0.843555
5.5600,2.67516341e+03,2.66208877e+03,0.843355
5.5700,2.67382600e+03,2.66072967e+03,0.843156
5.5800,2.67248925e+03,2.65937128e+03,0.842956
5.5900,2.67115317e+03,2.65801359e+03,0.842757
5.6000,2.66981777e+03,2.65665662e+03,0.842557
5.6100,2.66848302e+03,2.65530035e+03,0.842358
5.6200,2.66714895e+03,2.65394479e+03,0.842159
5.6300,2.66581554e+03,2.65258993e+03,0.841960
5.6400,2.66448280e+03,2.65123578e+03,0.841760
5.6500,2.66315072e+03,2.64988234e+03,0.841561
5.6600,2.66181932e+03,2.64852960e+03,0.841362
5.6700,2.66048857e+03,2.64717757e+03,0.841163
5.6800,2.65915849e+03,2.64582624e+03,0.840964
5.6900,2.65782908e+03,2.64447562e+03,0.840765
5.7000,2.65650033e+03,2.64312570e+03,0.840566
5.7100,2.65517225e+03,2.64177649e+03,0.840367
5.7200,2.65384483e+03,2.64042798e+03,0.840168
5.7300,2.65251807e+03,2.63908017e+03,0.839970
5.7400,2.65119198e+03,2.63773307e+03,0.839771
5.7500,2.64986655e+03,2.63638667e+03,0.839572
5.7600,2.64854178e+03,2.63504097e+03,0.839373
5.7700,2.64721768e+03,2.63369598e+03,0.839175
5.7800,2.64589423e+03,2.63235169e+03,0.838976
5.7900,2.64457145e+03,2.63100810e+03,0.838778
5.8000,2.64324933e+03,2.62966521e+03,0.838579
5.8100,2.64192787e+03,2.62832303e+03,0.838381
5.8200,2.64060707e+03,2.62698154e+03,0.838182
5.8300,2.63928693e+03,2.62564076e+03,0.837984
5.8400,2.63796745e+03,2.62430068e+03,0.837785
5.8500,2.63664864e+03,2.62296130e+03,0.837587
5.8600,2.63533048e+03,2.62162262e+03,0.837389
5.8700,2.63401298e+03,2.62028463e+03,0.837191
5.8800,2.63269613e+03,2.61894735e+03,0.836992
5.8900,2.63137995e+03,2.61761077e+03,0.836794
5.9000,2.63006442e+03,2.61627488e+03,0.836596
5.9100,2.62874956e+03,2.61493970e+03,0.836398
5.9200,2.62743535e+03,2.61360521e+03,0.836200
5.9300,2.62612179e+03,2.61227143e+03,0.836002
5.9400,2.62480890e+03,2.61093834e+03,0.835804
5.9500,2.62349666e+03,2.60960594e+03,0.835606
5.9600,2.62218507e+03,2.60827425e+03,0.835409
5.9700,2.62087414e+03,2.60694325e+03,0.835211
5.9800,2.61956387e+03,2.60561295e+03,0.835013
5.9900,2.61825425e+03,2.60428335e+03,0.834815
6.0000,2.61694529e+03,2.60295444e+03,0.834618
6.0100,2.61563698e+03,2.60162623e+03,0.834420
6.0200,2.61432932e+03,2.60029871e+03,0.834222
6.0300,2.61302232e+03,2.59897189e+03,0.834025
6.0400,2.61171597e+03,2.59764576e+03,0.833827
6.0500,2.61041028e+03,2.59632033e+03,0.833630
6.0600,2.60910524e+03,2.59499560e+03,0.833433
6.0700,2.60780085e+03,2.59367156e+03,0.833235
6.0800,2.60649711e+03,2.59234821e+03,0.833038
6.0900,2.60519403e+03,2.59102556e+03,0.832841
6.1000,2.60389159e+03,2.58970360e+03,0.832643
6.1100,2.60258981e+03,2.58838233e+03,0.832446
6.1200,2.60128868e+03,2.58706176e+03,0.832249
6.1300,2.59998819e+03,2.58574187e+03,0.832052
6.1400,2.59868836e+03,2.58442269e+03,0.831855
6.1500,2.59738918e+03,2.58310419e+03,0.831658
6.1600,2.59609065e+03,2.58178639e+03,0.831461
6.1700,2.59479277e+03,2.58046927e+03,0.831264
6.1800,2.59349553e+03,2.57915285e+03,0.831067
6.1900,2.59219895e+03,2.57783712e+03,0.830870
6.2000,2.59090301e+03,2.57652208e+03,0.830673
6.2100,2.58960772e+03,2.57520773e+03,0.830476
6.2200,2.58831308e+03,2.57389407e+03,0.830280
6.2300,2.58701908e+03,2.57258111e+03,0.830083
6.2400,2.58572573e+03,2.57126883e+03,0.829886
6.2500,2.58443303e+03,2.56995724e+03,0.829690
6.2600,2.58314098e+03,2.56864634e+03,0.829493
6.2700,2.58184957e+03,2.56733612e+03,0.829297
6.2800,2.58055881e+03,2.56602660e+03,0.829100
6.2900,2.57926869e+03,2.56471777e+03,0.828904
6.3000,2.57797921e+03,2.56340962e+03,0.828707
6.3100,2.57669039e+03,2.56210216e+03,0.828511
6.3200,2.57540220e+03,2.56079539e+03,0.828315
6.3300,2.57411466e+03,2.55948930e+03,0.828118
6.3400,2.57282776e+03,2.55818390e+03,0.827922
6.3500,2.57154151e+03,2.55687919e+03,0.827726
6.3600,2.57025590e+03,2.55557517e+03,0.827530
6.3700,2.56897093e+03,2.55427183e+03,0.827334
6.3800,2.56768661e+03,2.55296918e+03,0.827138
6.3900,2.56640293e+03,2.55166721e+03,0.826942
6.4000,2.56511989e+03,2.55036593e+03,0.826746
6.4100,2.56383749e+03,2.54906533e+03,0.826550
6.4200,2.56255573e+03,2.54776542e+03,0.826354
6.4300,2.56127461e+03,2.54646619e+03,0.826158
6.4400,2.55999413e+03,2.54516764e+03,0.825962
6.4500,2.55871430e+03,2.54386978e+03,0.825767
6.4600,2.55743510e+03,2.54257260e+03,0.825571
6.4700,2.55615654e+03,2.54127611e+03,0.825375
6.4800,2.55487862e+03,2.53998030e+03,0.825180
6.4900,2.55360134e+03,2.53868517e+03,0.824984
6.5000,2.55232470e+03,2.53739072e+03,0.824788
6.5100,2.55104870e+03,2.53609696e+03,0.824593
6.5200,2.54977333e+03,2.53480388e+03,0.824397
6.5300,2.54849861e+03,2.53351148e+03,0.824202
6.5400,2.54722452e+03,2.53221976e+03,0.824007
6.5500,2.54595106e+03,2.53092872e+03,0.823811
6.5600,2.54467825e+03,2.52963836e+03,0.823616
6.5700,2.54340607e+03,2.52834869e+03,0.823421
6.5800,2.54213452e+03,2.52705969e+03,0.823226
6.5900,2.54086361e+03,2.52577137e+03,0.823030
6.6000,2.53959334e+03,2.52448373e+03,0.822835
6.6100,2.53832370e+03,2.52319678e+03,0.822640
6.6200,2.53705470e+03,2.52191050e+03,0.822445
6.6300,2.53578633e+03,2.52062490e+03,0.822250
6.6400,2.53451860e+03,2.51933997e+03,0.822055
6.6500,2.53325150e+03,2.51805573e+03,0.821860
6.6600,2.53198503e+03,2.51677216e+03,0.821666
6.6700,2.53071919e+03,2.51548928e+03,0.821471
6.6800,2.52945399e+03,2.51420707e+03,0.821276
6.6900,2.52818942e+03,2.51292553e+03,0.821081
6.7000,2.52692549e+03,2.51164467e+03,0.820887
6.7100,2.52566218e+03,2.51036449e+03,0.820692
6.7200,2.52439951e+03,2.50908499e+03,0.820497
6.7300,2.52313747e+03,2.50780616e+03,0.820303
6.7400,2.52187606e+03,2.50652801e+03,0.820108
6.7500,2.52061528e+03,2.50525053e+03,0.819914
6.7600,2.51935513e+03,2.50397373e+03,0.819719
6.7700,2.51809561e+03,2.50269760e+03,0.819525
6.7800,2.51683671e+03,2.50142215e+03,0.819331
6.7900,2.51557845e+03,2.50014737e+03,0.819136
6.8000,2.51432082e+03,2.49887326e+03,0.818942
6.8100,2.51306382e+03,2.49759983e+03,0.818748
6.8200,2.51180744e+03,2.49632707e+03,0.818554
6.8300,2.51055170e+03,2.49505499e+03,0.818360
6.8400,2.50929658e+03,2.49378358e+03,0.818165
6.8500,2.50804209e+03,2.49251284e+03,0.817971
6.8600,2.50678822e+03,2.49124277e+03,0.817777
6.8700,2.50553498e+03,2.48997337e+03,0.817583
6.8800,2.50428237e+03,2.48870465e+03,0.817390
6.8900,2.50303039e+03,2.48743660e+03,0.817196
6.9000,2.50177903e+03,2.48616922e+03,0.817002
6.9100,2.50052830e+03,2.48490251e+03,0.816808
6.9200,2.49927819e+03,2.48363647e+03,0.816614
6.9300,2.49802871e+03,2.48237110e+03,0.816421
6.9400,2.49677985e+03,2.48110640e+03,0.816227
6.9500,2.49553161e+03,2.47984237e+03,0.816033
6.9600,2.49428400e+03,2.47857901e+03,0.815840
6.9700,2.49303702e+03,2.47731632e+03,0.815646
6.9800,2.49179066e+03,2.47605430e+03,0.815453
6.9900,2.49054492e+03,2.47479294e+03,0.815259
7.0000,2.48929980e+03,2.47353226e+03,0.815066
7.0100,2.48805531e+03,2.47227224e+03,0.814873
7.0200,2.48681143e+03,2.47101289e+03,0.814679
7.0300,2.48556818e+03,2.46975421e+03,0.814486
7.0400,2.48432555e+03,2.46849619e+03,0.814293
7.0500,2.48308355e+03,2.46723884e+03,0.814100
7.0600,2.48184216e+03,2.46598216e+03,0.813906
7.0700,2.48060139e+03,2.46472615e+03,0.813713
7.0800,2.47936125e+03,2.46347080e+03,0.813520
7.0900,2.47812172e+03,2.46221612e+03,0.813327
7.1000,2.47688282e+03,2.46096210e+03,0.813134
7.1100,2.47564453e+03,2.45970875e+03,0.812941
7.1200,2.47440686e+03,2.45845606e+03,0.812748
7.1300,2.47316981e+03,2.45720404e+03,0.812556
7.1400,2.47193338e+03,2.45595268e+03,0.812363
7.1500,2.47069757e+03,2.45470198e+03,0.812170
7.1600,2.46946238e+03,2.45345195e+03,0.811977
7.1700,2.46822780e+03,2.45220258e+03,0.811785
7.1800,2.46699384e+03,2.45095388e+03,0.811592
7.1900,2.46576050e+03,2.44970584e+03,0.811399
7.2000,2.46452777e+03,2.44845846e+03,0.811207
7.2100,2.46329566e+03,2.44721174e+03,0.811014
7.2200,2.46206417e+03,2.44596569e+03,0.810822
7.2300,2.46083329e+03,2.44472030e+03,0.810630
7.2400,2.45960303e+03,2.44347557e+03,0.810437
7.2500,2.45837338e+03,2.44223150e+03,0.810245
7.2600,2.45714435e+03,2.44098809e+03,0.810053
7.2700,2.45591593e+03,2.43974534e+03,0.809860
7.2800,2.45468812e+03,2.43850325e+03,0.809668
7.2900,2.45346093e+03,2.43726183e+03,0.809476
7.3000,2.45223436e+03,2.43602106e+03,0.809284
7.3100,2.45100839e+03,2.43478095e+03,0.809092
7.3200,2.44978304e+03,2.43354150e+03,0.808900
7.3300,2.44855830e+03,2.43230271e+03,0.808708
7.3400,2.44733418e+03,2.43106458e+03,0.808516
7.3500,2.44611066e+03,2.42982711e+03,0.808324
7.3600,2.44488776e+03,2.42859029e+03,0.808132
7.3700,2.44366547e+03,2.42735414e+03,0.807940
7.3800,2.44244379e+03,2.42611864e+03,0.807748
7.3900,2.44122272e+03,2.42488380e+03,0.807557
7.4000,2.44000226e+03,2.42364961e+03,0.807365
7.4100,2.43878241e+03,2.42241608e+03,0.807173
7.4200,2.43756317e+03,2.42118321e+03,0.806982
7.4300,2.43634454e+03,2.41995100e+03,0.806790
7.4400,2.43512652e+03,2.41871944e+03,0.806599
7.4500,2.43390911e+03,2.41748853e+03,0.806407
7.4600,2.43269231e+03,2.41625829e+03,0.806216
7.4700,2.43147612e+03,2.41502869e+03,0.806024
7.4800,2.43026053e+03,2.41379975e+03,0.805833
7.4900,2.42904555e+03,2.41257147e+03,0.805642
7.5000,2.42783118e+03,2.41134384e+03,0.805450
7.5100,2.42661742e+03,2.41011686e+03,0.805259
7.5200,2.42540426e+03,2.40889054e+03,0.805068
7.5300,2.42419171e+03,2.40766487e+03,0.804877
7.5400,2.42297976e+03,2.40643985e+03,0.804686
7.5500,2.42176843e+03,2.40521549e+03,0.804495
7.5600,2.42055769e+03,2.40399178e+03,0.804304
7.5700,2.41934757e+03,2.40276872e+03,0.804113
7.5800,2.41813804e+03,2.40154631e+03,0.803922
7.5900,2.41692913e+03,2.40032456e+03,0.803731
7.6000,2.41572081e+03,2.39910345e+03,0.803540
7.6100,2.41451310e+03,2.39788300e+03,0.803349
7.6200,2.41330600e+03,2.39666320e+03,0.803159
7.6300,2.41209949e+03,2.39544405e+03,0.802968
7.6400,2.41089360e+03,2.39422555e+03,0.802777
7.6500,2.40968830e+03,2.39300769e+03,0.802587
7.6600,2.40848361e+03,2.39179049e+03,0.802396
7.6700,2.40727951e+03,2.39057394e+03,0.802206
7.6800,2.40607603e+03,2.38935804e+03,0.802015
7.6900,2.40487314e+03,2.38814278e+03,0.801825
7.7000,2.40367085e+03,2.38692818e+03,0.801634
7.7100,2.40246917e+03,2.38571422e+03,0.801444
7.7200,2.40126808e+03,2.38450091e+03,0.801254
7.7300,2.40006760e+03,2.38328825e+03,0.801063
7.7400,2.39886771e+03,2.38207623e+03,0.800873
7.7500,2.39766843e+03,2.38086487e+03,0.800683
7.7600,2.39646975e+03,2.37965414e+03,0.800493
7.7700,2.39527166e+03,2.37844407e+03,0.800303
7.7800,2.39407417e+03,2.37723464e+03,0.800113
7.7900,2.39287729e+03,2.37602586e+03,0.799923
7.8000,2.39168100e+03,2.37481772e+03,0.799733
7.8100,2.39048531e+03,2.37361023e+03,0.799543
7.8200,2.38929021e+03,2.37240339e+03,0.799353
7.8300,2.38809572e+03,2.37119719e+03,0.799163
7.8400,2.38690182e+03,2.36999163e+03,0.798973
7.8500,2.38570852e+03,2.36878672e+03,0.798783
7.8600,2.38451581e+03,2.36758245e+03,0.798594
7.8700,2.38332370e+03,2.36637883e+03,0.798404
7.8800,2.38213219e+03,2.36517585e+03,0.798214
7.8900,2.38094127e+03,2.36397351e+03,0.798025
7.9000,2.37975095e+03,2.36277182e+03,0.797835
7.9100,2.37856122e+03,2.36157076e+03,0.797646
7.9200,2.37737209e+03,2.36037035e+03,0.797456
7.9300,2.37618356e+03,2.35917059e+03,0.797267
7.9400,2.37499561e+03,2.35797146e+03,0.797077
7.9500,2.37380826e+03,2.35677298e+03,0.796888
7.9600,2.37262151e+03,2.35557513e+03,0.796699
7.9700,2.37143534e+03,2.35437793e+03,0.796510
7.9800,2.37024977e+03,2.35318137e+03,0.796320
7.9900,2.36906480e+03,2.35198545e+03,0.796131
8.0000,2.36788041e+03,2.35079017e+03,0.795942
8.0100,2.36669662e+03,2.34959553e+03,0.795753
8.0200,2.36551342e+03,2.34840152e+03,0.795564
8.0300,2.36433081e+03,2.34720816e+03,0.795375
8.0400,2.36314879e+03,2.34601544e+03,0.795186
8.0500,2.36196737e+03,2.34482335e+03,0.794997
8.0600,2.36078653e+03,2.34363191e+03,0.794808
8.0700,2.35960629e+03,2.34244110e+03,0.794620
8.0800,2.35842663e+03,2.34125093e+03,0.794431
8.0900,2.35724756e+03,2.34006139e+03,0.794242
8.1000,2.35606909e+03,2.33887250e+03,0.794053
8.1100,2.35489120e+03,2.33768424e+03,0.793865
8.1200,2.35371390e+03,2.33649662e+03,0.793676
8.1300,2.35253719e+03,2.33530963e+03,0.793488
8.1400,2.35136107e+03,2.33412328e+03,0.793299
8.1500,2.35018554e+03,2.33293757e+03,0.793111
8.1600,2.34901059e+03,2.33175249e+03,0.792922
8.1700,2.34783623e+03,2.33056805e+03,0.792734
8.1800,2.34666246e+03,2.32938424e+03,0.792545
8.1900,2.34548928e+03,2.32820107e+03,0.792357
8.2000,2.34431668e+03,2.32701853e+03,0.792169
8.2100,2.34314467e+03,2.32583662e+03,0.791981
8.2200,2.34197324e+03,2.32465535e+03,0.791792
8.2300,2.34080240e+03,2.32347472e+03,0.791604
8.2400,2.33963215e+03,2.32229471e+03,0.791416
8.2500,2.33846248e+03,2.32111534e+03,0.791228
8.2600,2.33729339e+03,2.31993660e+03,0.791040
8.2700,2.33612489e+03,2.31875850e+03,0.790852
8.2800,2.33495697e+03,2.31758103e+03,0.790664
8.2900,2.33378964e+03,2.31640419e+03,0.790476
8.3000,2.33262289e+03,2.31522798e+03,0.790289
8.3100,2.33145673e+03,2.31405240e+03,0.790101
8.3200,2.33029114e+03,2.31287745e+03,0.789913
8.3300,2.32912614e+03,2.31170313e+03,0.789725
8.3400,2.32796173e+03,2.31052945e+03,0.789538
8.3500,2.32679789e+03,2.30935639e+03,0.789350
8.3600,2.32563464e+03,2.30818397e+03,0.789162
8.3700,2.32447197e+03,2.30701217e+03,0.788975
8.3800,2.32330988e+03,2.30584101e+03,0.788787
8.3900,2.32214837e+03,2.30467047e+03,0.788600
8.4000,2.32098744e+03,2.30350056e+03,0.788412
8.4100,2.31982709e+03,2.30233128e+03,0.788225
8.4200,2.31866732e+03,2.30116263e+03,0.788038
8.4300,2.31750813e+03,2.29999461e+03,0.787851
8.4400,2.31634952e+03,2.29882721e+03,0.787663
8.4500,2.31519149e+03,2.29766044e+03,0.787476
8.4600,2.31403404e+03,2.29649430e+03,0.787289
8.4700,2.31287717e+03,2.29532879e+03,0.787102
8.4800,2.31172087e+03,2.29416390e+03,0.786915
8.4900,2.31056516e+03,2.29299964e+03,0.786728
8.5000,2.30941002e+03,2.29183600e+03,0.786541
8.5100,2.30825546e+03,2.29067299e+03,0.786354
8.5200,2.30710148e+03,2.28951061e+03,0.786167
8.5300,2.30594807e+03,2.28834885e+03,0.785980
8.5400,2.30479524e+03,2.28718772e+03,0.785793
8.5500,2.30364299e+03,2.28602721e+03,0.785607
8.5600,2.30249131e+03,2.28486732e+03,0.785420
8.5700,2.30134021e+03,2.28370806e+03,0.785233
8.5800,2.30018968e+03,2.28254942e+03,0.785046
8.5900,2.29903973e+03,2.28139141e+03,0.784860
8.6000,2.29789035e+03,2.28023402e+03,0.784673
8.6100,2.29674155e+03,2.27907725e+03,0.784487
8.6200,2.29559332e+03,2.27792111e+03,0.784300
8.6300,2.29444567e+03,2.27676559e+03,0.784114
8.6400,2.29329859e+03,2.27561069e+03,0.783928
8.6500,2.29215209e+03,2.27445641e+03,0.783741
8.6600,2.29100615e+03,2.27330275e+03,0.783555
8.6700,2.28986079e+03,2.27214972e+03,0.783369
8.6800,2.28871601e+03,2.27099731e+03,0.783182
8.6900,2.28757179e+03,2.26984551e+03,0.782996
8.7000,2.28642815e+03,2.26869434e+03,0.782810
8.7100,2.28528508e+03,2.26754379e+03,0.782624
8.7200,2.28414258e+03,2.26639385e+03,0.782438
8.7300,2.28300065e+03,2.26524454e+03,0.782252
8.7400,2.28185929e+03,2.26409585e+03,0.782066
8.7500,2.28071850e+03,2.26294777e+03,0.781880
8.7600,2.27957829e+03,2.26180032e+03,0.781694
8.7700,2.27843864e+03,2.26065348e+03,0.781508
8.7800,2.27729956e+03,2.25950726e+03,0.781323
8.7900,2.27616106e+03,2.25836166e+03,0.781137
8.8000,2.27502312e+03,2.25721668e+03,0.780951
8.8100,2.27388575e+03,2.25607231e+03,0.780765
8.8200,2.27274895e+03,2.25492856e+03,0.780580
8.8300,2.27161272e+03,2.25378543e+03,0.780394
8.8400,2.27047705e+03,2.25264292e+03,0.780209
8.8500,2.26934195e+03,2.25150102e+03,0.780023
8.8600,2.26820743e+03,2.25035973e+03,0.779838
8.8700,2.26707346e+03,2.24921907e+03,0.779652
8.8800,2.26594007e+03,2.24807902e+03,0.779467
8.8900,2.26480724e+03,2.24693958e+03,0.779282
8.9000,2.26367498e+03,2.24580076e+03,0.779096
8.9100,2.26254328e+03,2.24466255e+03,0.778911
8.9200,2.26141215e+03,2.24352496e+03,0.778726
8.9300,2.26028159e+03,2.24238798e+03,0.778541
8.9400,2.25915159e+03,2.24125162e+03,0.778356
8.9500,2.25802215e+03,2.24011586e+03,0.778171
8.9600,2.25689328e+03,2.23898073e+03,0.777986
8.9700,2.25576498e+03,2.23784620e+03,0.777801
8.9800,2.25463724e+03,2.23671229e+03,0.777616
8.9900,2.25351006e+03,2.23557899e+03,0.777431
9.0000,2.25238344e+03,2.23444630e+03,0.777246
9.0100,2.25125739e+03,2.23331423e+03,0.777061
9.0200,2.25013190e+03,2.23218276e+03,0.776876
9.0300,2.24900698e+03,2.23105191e+03,0.776692
9.0400,2.24788262e+03,2.22992167e+03,0.776507
9.0500,2.24675882e+03,2.22879204e+03,0.776322
9.0600,2.24563558e+03,2.22766302e+03,0.776138
9.0700,2.24451290e+03,2.22653461e+03,0.775953
9.0800,2.24339078e+03,2.22540681e+03,0.775769
9.0900,2.24226923e+03,2.22427961e+03,0.775584
9.1000,2.24114823e+03,2.22315303e+03,0.775400
9.1100,2.24002780e+03,2.22202706e+03,0.775215
9.1200,2.23890793e+03,2.22090169e+03,0.775031
9.1300,2.23778861e+03,2.21977693e+03,0.774846
9.1400,2.23666986e+03,2.21865278e+03,0.774662
9.1500,2.23555166e+03,2.21752924e+03,0.774478
9.1600,2.23443403e+03,2.21640630e+03,0.774294
9.1700,2.23331695e+03,2.21528397e+03,0.774110
9.1800,2.23220043e+03,2.21416225e+03,0.773925
9.1900,2.23108447e+03,2.21304114e+03,0.773741
9.2000,2.22996907e+03,2.21192063e+03,0.773557
9.2100,2.22885422e+03,2.21080072e+03,0.773373
9.2200,2.22773993e+03,2.20968143e+03,0.773189
9.2300,2.22662620e+03,2.20856273e+03,0.773005
9.2400,2.22551303e+03,2.20744465e+03,0.772821
9.2500,2.22440041e+03,2.20632716e+03,0.772638
9.2600,2.22328835e+03,2.20521028e+03,0.772454
9.2700,2.22217684e+03,2.20409401e+03,0.772270
9.2800,2.22106589e+03,2.20297834e+03,0.772086
9.2900,2.21995550e+03,2.20186327e+03,0.771903
9.3000,2.21884566e+03,2.20074881e+03,0.771719
9.3100,2.21773638e+03,2.19963495e+03,0.771535
9.3200,2.21662765e+03,2.19852170e+03,0.771352
9.3300,2.21551947e+03,2.19740904e+03,0.771168
9.3400,2.21441185e+03,2.19629699e+03,0.770985
9.3500,2.21330478e+03,2.19518554e+03,0.770802
9.3600,2.21219827e+03,2.19407469e+03,0.770618
9.3700,2.21109231e+03,2.19296444e+03,0.770435
9.3800,2.20998690e+03,2.19185480e+03,0.770252
9.3900,2.20888205e+03,2.19074576e+03,0.770068
9.4000,2.20777774e+03,2.18963731e+03,0.769885
9.4100,2.20667399e+03,2.18852947e+03,0.769702
9.4200,2.20557079e+03,2.18742223e+03,0.769519
9.4300,2.20446815e+03,2.18631558e+03,0.769336
9.4400,2.20336605e+03,2.18520954e+03,0.769153
9.4500,2.20226450e+03,2.18410409e+03,0.768970
9.4600,2.20116351e+03,2.18299925e+03,0.768787
9.4700,2.20006306e+03,2.18189500e+03,0.768604
9.4800,2.19896317e+03,2.18079136e+03,0.768421
9.4900,2.19786383e+03,2.17968831e+03,0.768238
9.5000,2.19676503e+03,2.17858585e+03,0.768056
9.5100,2.19566679e+03,2.17748400e+03,0.767873
9.5200,2.19456909e+03,2.17638274e+03,0.767690
9.5300,2.19347194e+03,2.17528208e+03,0.767507
9.5400,2.19237534e+03,2.17418202e+03,0.767325
9.5500,2.19127929e+03,2.17308256e+03,0.767142
9.5600,2.19018379e+03,2.17198369e+03,0.766960
9.5700,2.18908884e+03,2.17088541e+03,0.766777
9.5800,2.18799443e+03,2.16978773e+03,0.766595
9.5900,2.18690057e+03,2.16869065e+03,0.766412
9.6000,2.18580725e+03,2.16759417e+03,0.766230
9.6100,2.18471449e+03,2.16649827e+03,0.766048
9.6200,2.18362227e+03,2.16540298e+03,0.765866
9.6300,2.18253059e+03,2.16430827e+03,0.765683
9.6400,2.18143946e+03,2.16321417e+03,0.765501
9.6500,2.18034888e+03,2.16212065e+03,0.765319
9.6600,2.17925884e+03,2.16102773e+03,0.765137
9.6700,2.17816935e+03,2.15993540e+03,0.764955
9.6800,2.17708040e+03,2.15884367e+03,0.764773
9.6900,2.17599200e+03,2.15775253e+03,0.764591
9.7000,2.17490414e+03,2.15666198e+03,0.764409
9.7100,2.17381682e+03,2.15557202e+03,0.764227
9.7200,2.17273005e+03,2.15448265e+03,0.764045
9.7300,2.17164382e+03,2.15339388e+03,0.763863
9.7400,2.17055813e+03,2.15230570e+03,0.763682
9.7500,2.16947299e+03,2.15121811e+03,0.763500
9.7600,2.16838839e+03,2.15013111e+03,0.763318
9.7700,2.16730433e+03,2.14904470e+03,0.763137
9.7800,2.16622081e+03,2.14795888e+03,0.762955
9.7900,2.16513784e+03,2.14687365e+03,0.762773
9.8000,2.16405540e+03,2.14578901e+03,0.762592
9.8100,2.16297351e+03,2.14470497e+03,0.762410
9.8200,2.16189216e+03,2.14362151e+03,0.762229
9.8300,2.16081135e+03,2.14253863e+03,0.762048
9.8400,2.15973108e+03,2.14145635e+03,0.761866
9.8500,2.15865135e+03,2.14037466e+03,0.761685
9.8600,2.15757216e+03,2.13929355e+03,0.761504
9.8700,2.15649351e+03,2.13821304e+03,0.761323
9.8800,2.15541539e+03,2.13713311e+03,0.761141
9.8900,2.15433782e+03,2.13605376e+03,0.760960
9.9000,2.15326079e+03,2.13497501e+03,0.760779
9.9100,2.15218429e+03,2.13389684e+03,0.760598
9.9200,2.15110833e+03,2.13281926e+03,0.760417
9.9300,2.15003291e+03,2.13174226e+03,0.760236
9.9400,2.14895803e+03,2.13066586e+03,0.760055
9.9500,2.14788369e+03,2.12959003e+03,0.759874
9.9600,2.14680988e+03,2.12851479e+03,0.759694
9.9700,2.14573661e+03,2.12744014e+03,0.759513
9.9800,2.14466387e+03,2.12636607e+03,0.759332
9.9900,2.14359168e+03,2.12529259e+03,0.759151
10.0000,2.14252001e+03,2.12421969e+03,0.758971
10.0100,2.14144889e+03,2.12314738e+03,0.758790
10.0200,2.14037830e+03,2.12207565e+03,0.758609
10.0300,2.13930824e+03,2.12100450e+03,0.758429
10.0400,2.13823872e+03,2.11993394e+03,0.758248
10.0500,2.13716974e+03,2.11886396e+03,0.758068
10.0600,2.13610128e+03,2.11779456e+03,0.757888
10.0700,2.13503337e+03,2.11672575e+03,0.757707
10.0800,2.13396598e+03,2.11565751e+03,0.757527
10.0900,2.13289913e+03,2.11458986e+03,0.757347
10.1000,2.13183282e+03,2.11352280e+03,0.757166
10.1100,2.13076703e+03,2.11245631e+03,0.756986
10.1200,2.12970178e+03,2.11139040e+03,0.756806
10.1300,2.12863707e+03,2.11032508e+03,0.756626
10.1400,2.12757288e+03,2.10926033e+03,0.756446
10.1500,2.12650923e+03,2.10819617e+03,0.756266
10.1600,2.12544611e+03,2.10713259e+03,0.756086
10.1700,2.12438352e+03,2.10606958e+03,0.755906
10.1800,2.12332146e+03,2.10500716e+03,0.755726
10.1900,2.12225993e+03,2.10394531e+03,0.755546
10.2000,2.12119893e+03,2.10288405e+03,0.755366
10.2100,2.12013846e+03,2.10182336e+03,0.755186
10.2200,2.11907853e+03,2.10076325e+03,0.755007
10.2300,2.11801912e+03,2.09970372e+03,0.754827
10.2400,2.11696024e+03,2.09864477e+03,0.754647
10.2500,2.11590190e+03,2.09758640e+03,0.754468
10.2600,2.11484408e+03,2.09652860e+03,0.754288
10.2700,2.11378679e+03,2.09547138e+03,0.754109
10.2800,2.11273003e+03,2.09441474e+03,0.753929
10.2900,2.11167379e+03,2.09335868e+03,0.753750
10.3000,2.11061809e+03,2.09230319e+03,0.753570
10.3100,2.10956291e+03,2.09124827e+03,0.753391
10.3200,2.10850826e+03,2.09019394e+03,0.753212
10.3300,2.10745414e+03,2.08914018e+03,0.753032
10.3400,2.10640054e+03,2.08808699e+03,0.752853
10.3500,2.10534748e+03,2.08703438e+03,0.752674
10.3600,2.10429493e+03,2.08598234e+03,0.752495
10.3700,2.10324292e+03,2.08493088e+03,0.752316
10.3800,2.10219143e+03,2.08387999e+03,0.752137
10.3900,2.10114046e+03,2.08282968e+03,0.751958
10.4000,2.10009002e+03,2.08177994e+03,0.751779
10.4100,2.09904011e+03,2.08073078e+03,0.751600
10.4200,2.09799072e+03,2.07968218e+03,0.751421
10.4300,2.09694186e+03,2.07863416e+03,0.751242
10.4400,2.09589352e+03,2.07758672e+03,0.751063
10.4500,2.09484570e+03,2.07653984e+03,0.750884
10.4600,2.09379841e+03,2.07549354e+03,0.750706
10.4700,2.09275164e+03,2.07444781e+03,0.750527
10.4800,2.09170540e+03,2.07340265e+03,0.750348
10.4900,2.09065967e+03,2.07235806e+03,0.750170
10.5000,2.08961448e+03,2.07131405e+03,0.749991
10.5100,2.08856980e+03,2.07027060e+03,0.749813
10.5200,2.08752564e+03,2.06922773e+03,0.749634
10.5300,2.08648201e+03,2.06818542e+03,0.749456
10.5400,2.08543890e+03,2.06714369e+03,0.749277
10.5500,2.08439631e+03,2.06610253e+03,0.749099
10.5600,2.08335424e+03,2.06506193e+03,0.748921
10.5700,2.08231270e+03,2.06402191e+03,0.748742
10.5800,2.08127167e+03,2.06298245e+03,0.748564
10.5900,2.08023117e+03,2.06194356e+03,0.748386
10.6000,2.07919118e+03,2.06090524e+03,0.748208
10.6100,2.07815171e+03,2.05986749e+03,0.748030
10.6200,2.07711277e+03,2.05883031e+03,0.747852
10.6300,2.07607434e+03,2.05779369e+03,0.747674
10.6400,2.07503643e+03,2.05675764e+03,0.747496
10.6500,2.07399905e+03,2.05572216e+03,0.747318
10.6600,2.07296218e+03,2.05468725e+03,0.747140
10.6700,2.07192582e+03,2.05365290e+03,0.746962
10.6800,2.07088999e+03,2.05261912e+03,0.746784
10.6900,2.06985468e+03,2.05158591e+03,0.746606
10.7000,2.06881988e+03,2.05055326e+03,0.746429
10.7100,2.06778560e+03,2.04952117e+03,0.746251
10.7200,2.06675183e+03,2.04848966e+03,0.746073
10.7300,2.06571859e+03,2.04745870e+03,0.745896
10.7400,2.06468586e+03,2.04642831e+03,0.745718
10.7500,2.06365364e+03,2.04539849e+03,0.745541
10.7600,2.06262194e+03,2.04436923e+03,0.745363
10.7700,2.06159076e+03,2.04334054e+03,0.745186
10.7800,2.06056010e+03,2.04231241e+03,0.745008
10.7900,2.05952994e+03,2.04128484e+03,0.744831
10.8000,2.05850031e+03,2.04025783e+03,0.744654
10.8100,2.05747119e+03,2.03923139e+03,0.744476
10.8200,2.05644258e+03,2.03820551e+03,0.744299
10.8300,2.05541449e+03,2.03718019e+03,0.744122
10.8400,2.05438691e+03,2.03615544e+03,0.743945
10.8500,2.05335984e+03,2.03513125e+03,0.743768
10.8600,2.05233329e+03,2.03410762e+03,0.743591
10.8700,2.05130725e+03,2.03308455e+03,0.743413
10.8800,2.05028173e+03,2.03206204e+03,0.743237
10.8900,2.04925671e+03,2.03104009e+03,0.743060
10.9000,2.04823221e+03,2.03001870e+03,0.742883
10.9100,2.04720823e+03,2.02899788e+03,0.742706
10.9200,2.04618475e+03,2.02797761e+03,0.742529
10.9300,2.04516179e+03,2.02695790e+03,0.742352
10.9400,2.04413933e+03,2.02593876e+03,0.742175
10.9500,2.04311739e+03,2.02492017e+03,0.741999
10.9600,2.04209596e+03,2.02390214e+03,0.741822
10.9700,2.04107504e+03,2.02288467e+03,0.741646
10.9800,2.04005463e+03,2.02186776e+03,0.741469
10.9900,2.03903473e+03,2.02085141e+03,0.741292
11.0000,2.03801534e+03,2.01983561e+03,0.741116
11.0100,2.03699646e+03,2.01882037e+03,0.740940
11.0200,2.03597809e+03,2.01780569e+03,0.740763
11.0300,2.03496023e+03,2.01679157e+03,0.740587
11.0400,2.03394287e+03,2.01577800e+03,0.740410
11.0500,2.03292603e+03,2.01476499e+03,0.740234
11.0600,2.03190969e+03,2.01375254e+03,0.740058
11.0700,2.03089387e+03,2.01274065e+03,0.739882
11.0800,2.02987855e+03,2.01172930e+03,0.739706
11.0900,2.02886373e+03,2.01071852e+03,0.739529
11.1000,2.02784943e+03,2.00970829e+03,0.739353
11.1100,2.02683563e+03,2.00869862e+03,0.739177
11.1200,2.02582234e+03,2.00768950e+03,0.739001
11.1300,2.02480955e+03,2.00668093e+03,0.738825
11.1400,2.02379728e+03,2.00567292e+03,0.738650
11.1500,2.02278550e+03,2.00466546e+03,0.738474
11.1600,2.02177424e+03,2.00365856e+03,0.738298
11.1700,2.02076348e+03,2.00265221e+03,0.738122
11.1800,2.01975322e+03,2.00164642e+03,0.737946
11.1900,2.01874347e+03,2.00064117e+03,0.737771
11.2000,2.01773423e+03,1.99963648e+03,0.737595
11.2100,2.01672548e+03,1.99863235e+03,0.737419
11.2200,2.01571725e+03,1.99762876e+03,0.737244
11.2300,2.01470952e+03,1.99662573e+03,0.737068
11.2400,2.01370229e+03,1.99562325e+03,0.736893
11.2500,2.01269556e+03,1.99462132e+03,0.736717
11.2600,2.01168934e+03,1.99361994e+03,0.736542
11.2700,2.01068362e+03,1.99261911e+03,0.736367
11.2800,2.00967840e+03,1.99161884e+03,0.736191
11.2900,2.00867369e+03,1.99061911e+03,0.736016
11.3000,2.00766948e+03,1.98961993e+03,0.735841
11.3100,2.00666577e+03,1.98862131e+03,0.735665
11.3200,2.00566256e+03,1.98762323e+03,0.735490
11.3300,2.00465986e+03,1.98662570e+03,0.735315
11.3400,2.00365765e+03,1.98562873e+03,0.735140
11.3500,2.00265595e+03,1.98463230e+03,0.734965
11.3600,2.00165475e+03,1.98363642e+03,0.734790
11.3700,2.00065404e+03,1.98264109e+03,0.734615
11.3800,1.99965384e+03,1.98164630e+03,0.734440
11.3900,1.99865414e+03,1.98065207e+03,0.734265
11.4000,1.99765494e+03,1.97965838e+03,0.734091
11.4100,1.99665623e+03,1.97866524e+03,0.733916
11.4200,1.99565803e+03,1.97767264e+03,0.733741
11.4300,1.99466033e+03,1.97668060e+03,0.733566
11.4400,1.99366312e+03,1.97568910e+03,0.733392
11.4500,1.99266641e+03,1.97469814e+03,0.733217
11.4600,1.99167021e+03,1.97370774e+03,0.733042
11.4700,1.99067450e+03,1.97271787e+03,0.732868
11.4800,1.98967928e+03,1.97172856e+03,0.732693
11.4900,1.98868457e+03,1.97073979e+03,0.732519
11.5000,1.98769035e+03,1.96975156e+03,0.732344
11.5100,1.98669663e+03,1.96876388e+03,0.732170
11.5200,1.98570340e+03,1.96777674e+03,0.731996
11.5300,1.98471068e+03,1.96679015e+03,0.731821
11.5400,1.98371845e+03,1.96580410e+03,0.731647
11.5500,1.98272671e+03,1.96481860e+03,0.731473
11.5600,1.98173547e+03,1.96383364e+03,0.731299
11.5700,1.98074473e+03,1.96284922e+03,0.731125
11.5800,1.97975448e+03,1.96186535e+03,0.730951
11.5900,1.97876472e+03,1.96088202e+03,0.730777
11.6000,1.97777547e+03,1.95989923e+03,0.730603
11.6100,1.97678670e+03,1.95891698e+03,0.730429
11.6200,1.97579843e+03,1.95793528e+03,0.730255
11.6300,1.97481066e+03,1.95695411e+03,0.730081
11.6400,1.97382337e+03,1.95597349e+03,0.729907
11.6500,1.97283659e+03,1.95499341e+03,0.729733
11.6600,1.97185029e+03,1.95401387e+03,0.729559
11.6700,1.97086449e+03,1.95303487e+03,0.729386
11.6800,1.96987918e+03,1.95205642e+03,0.729212
11.6900,1.96889436e+03,1.95107850e+03,0.729038
11.7000,1.96791004e+03,1.95010112e+03,0.728865
11.7100,1.96692621e+03,1.94912428e+03,0.728691
11.7200,1.96594287e+03,1.94814798e+03,0.728518
11.7300,1.96496002e+03,1.94717222e+03,0.728344
11.7400,1.96397766e+03,1.94619700e+03,0.728171
11.7500,1.96299580e+03,1.94522232e+03,0.727997
11.7600,1.96201442e+03,1.94424818e+03,0.727824
11.7700,1.96103354e+03,1.94327457e+03,0.727651
11.7800,1.96005314e+03,1.94230151e+03,0.727477
11.7900,1.95907324e+03,1.94132898e+03,0.727304
11.8000,1.95809382e+03,1.94035698e+03,0.727131
11.8100,1.95711490e+03,1.93938553e+03,0.726958
11.8200,1.95613646e+03,1.93841461e+03,0.726785
11.8300,1.95515852e+03,1.93744423e+03,0.726612
11.8400,1.95418106e+03,1.93647438e+03,0.726439
11.8500,1.95320409e+03,1.93550508e+03,0.726266
11.8600,1.95222761e+03,1.93453630e+03,0.726093
11.8700,1.95125162e+03,1.93356807e+03,0.725920
11.8800,1.95027612e+03,1.93260036e+03,0.725747
11.8900,1.94930110e+03,1.93163320e+03,0.725574
11.9000,1.94832657e+03,1.93066657e+03,0.725401
11.9100,1.94735253e+03,1.92970047e+03,0.725229
11.9200,1.94637898e+03,1.92873491e+03,0.725056
11.9300,1.94540591e+03,1.92776988e+03,0.724883
11.9400,1.94443333e+03,1.92680538e+03,0.724711
11.9500,1.94346123e+03,1.92584142e+03,0.724538
11.9600,1.94248962e+03,1.92487799e+03,0.724365
11.9700,1.94151850e+03,1.92391510e+03,0.724193
11.9800,1.94054786e+03,1.92295274e+03,0.724020
11.9900,1.93957771e+03,1.92199091e+03,0.723848
12.0000,1.93860804e+03,1.92102961e+03,0.723676
12.0100,1.93763886e+03,1.92006885e+03,0.723503
12.0200,1.93667016e+03,1.91910861e+03,0.723331
12.0300,1.93570195e+03,1.91814891e+03,0.723159
12.0400,1.93473422e+03,1.91718974e+03,0.722987
12.0500,1.93376697e+03,1.91623110e+03,0.722814
12.0600,1.93280021e+03,1.91527300e+03,0.722642
12.0700,1.93183393e+03,1.91431542e+03,0.722470
12.0800,1.93086813e+03,1.91335837e+03,0.722298
12.0900,1.92990282e+03,1.91240186e+03,0.722126
12.1000,1.92893799e+03,1.91144587e+03,0.721954
12.1100,1.92797364e+03,1.91049041e+03,0.721782
12.1200,1.92700977e+03,1.90953548e+03,0.721610
12.1300,1.92604639e+03,1.90858109e+03,0.721439
12.1400,1.92508348e+03,1.90762722e+03,0.721267
12.1500,1.92412106e+03,1.90667387e+03,0.721095
12.1600,1.92315912e+03,1.90572106e+03,0.720923
12.1700,1.92219766e+03,1.90476878e+03,0.720752
12.1800,1.92123669e+03,1.90381702e+03,0.720580
12.1900,1.92027619e+03,1.90286579e+03,0.720408
12.2000,1.91931617e+03,1.90191509e+03,0.720237
12.2100,1.91835663e+03,1.90096491e+03,0.720065
12.2200,1.91739757e+03,1.90001527e+03,0.719894
12.2300,1.91643899e+03,1.89906614e+03,0.719722
12.2400,1.91548089e+03,1.89811755e+03,0.719551
12.2500,1.91452327e+03,1.89716948e+03,0.719380
12.2600,1.91356613e+03,1.89622194e+03,0.719208
12.2700,1.91260947e+03,1.89527492e+03,0.719037
12.2800,1.91165328e+03,1.89432843e+03,0.718866
12.2900,1.91069757e+03,1.89338246e+03,0.718695
12.3000,1.90974235e+03,1.89243702e+03,0.718523
12.3100,1.90878759e+03,1.89149210e+03,0.718352
12.3200,1.90783332e+03,1.89054771e+03,0.718181
12.3300,1.90687952e+03,1.88960384e+03,0.718010
12.3400,1.90592620e+03,1.88866049e+03,0.717839
12.3500,1.90497336e+03,1.88771767e+03,0.717668
12.3600,1.90402099e+03,1.88677537e+03,0.717497
12.3700,1.90306910e+03,1.88583360e+03,0.717326
12.3800,1.90211768e+03,1.88489234e+03,0.717156
12.3900,1.90116674e+03,1.88395161e+03,0.716985
12.4000,1.90021628e+03,1.88301141e+03,0.716814
12.4100,1.89926629e+03,1.88207172e+03,0.716643
12.4200,1.89831677e+03,1.88113256e+03,0.716473
12.4300,1.89736773e+03,1.88019392e+03,0.716302
12.4400,1.89641917e+03,1.87925580e+03,0.716131
12.4500,1.89547108e+03,1.87831820e+03,0.715961
12.4600,1.89452346e+03,1.87738112e+03,0.715790
12.4700,1.89357632e+03,1.87644456e+03,0.715620
12.4800,1.89262965e+03,1.87550852e+03,0.715450
12.4900,1.89168345e+03,1.87457301e+03,0.715279
12.5000,1.89073773e+03,1.87363801e+03,0.715109
12.5100,1.88979248e+03,1.87270353e+03,0.714938
12.5200,1.88884770e+03,1.87176957e+03,0.714768
12.5300,1.88790339e+03,1.87083614e+03,0.714598
12.5400,1.88695956e+03,1.86990321e+03,0.714428
12.5500,1.88601620e+03,1.86897081e+03,0.714258
12.5600,1.88507331e+03,1.86803893e+03,0.714088
12.5700,1.88413089e+03,1.86710757e+03,0.713917
12.5800,1.88318894e+03,1.86617672e+03,0.713747
12.5900,1.88224746e+03,1.86524639e+03,0.713577
12.6000,1.88130646e+03,1.86431658e+03,0.713408
12.6100,1.88036592e+03,1.86338728e+03,0.713238
12.6200,1.87942586e+03,1.86245850e+03,0.713068
12.6300,1.87848626e+03,1.86153024e+03,0.712898
12.6400,1.87754714e+03,1.86060250e+03,0.712728
12.6500,1.87660848e+03,1.85967527e+03,0.712558
12.6600,1.87567029e+03,1.85874856e+03,0.712389
12.6700,1.87473257e+03,1.85782236e+03,0.712219
12.6800,1.87379533e+03,1.85689668e+03,0.712049
12.6900,1.87285855e+03,1.85597151e+03,0.711880
12.7000,1.87192223e+03,1.85504686e+03,0.711710
12.7100,1.87098639e+03,1.85412273e+03,0.711541
12.7200,1.87005101e+03,1.85319910e+03,0.711371
12.7300,1.86911610e+03,1.85227600e+03,0.711202
12.7400,1.86818166e+03,1.85135340e+03,0.711033
12.7500,1.86724769e+03,1.85043132e+03,0.710863
12.7600,1.86631418e+03,1.84950976e+03,0.710694
12.7700,1.86538114e+03,1.84858870e+03,0.710525
12.7800,1.86444857e+03,1.84766816e+03,0.710355
12.7900,1.86351646e+03,1.84674813e+03,0.710186
12.8000,1.86258482e+03,1.84582862e+03,0.710017
12.8100,1.86165364e+03,1.84490962e+03,0.709848
12.8200,1.86072293e+03,1.84399113e+03,0.709679
12.8300,1.85979269e+03,1.84307315e+03,0.709510
12.8400,1.85886291e+03,1.84215568e+03,0.709341
12.8500,1.85793359e+03,1.84123872e+03,0.709172
12.8600,1.85700474e+03,1.84032228e+03,0.709003
12.8700,1.85607635e+03,1.83940634e+03,0.708834
12.8800,1.85514843e+03,1.83849092e+03,0.708665
12.8900,1.85422097e+03,1.83757601e+03,0.708497
12.9000,1.85329398e+03,1.83666160e+03,0.708328
12.9100,1.85236745e+03,1.83574771e+03,0.708159
12.9200,1.85144138e+03,1.83483433e+03,0.707991
12.9300,1.85051577e+03,1.83392145e+03,0.707822
12.9400,1.84959063e+03,1.83300909e+03,0.707653
12.9500,1.84866595e+03,1.83209723e+03,0.707485
12.9600,1.84774174e+03,1.83118588e+03,0.707316
12.9700,1.84681798e+03,1.83027504e+03,0.707148
12.9800,1.84589469e+03,1.82936471e+03,0.706979
12.9900,1.84497185e+03,1.82845489e+03,0.706811
13.0000,1.84404948e+03,1.82754557e+03,0.706643
13.0100,1.84312757e+03,1.82663676e+03,0.706474
13.0200,1.84220613e+03,1.82572846e+03,0.706306
13.0300,1.84128514e+03,1.82482067e+03,0.706138
13.0400,1.84036461e+03,1.82391338e+03,0.705970
13.0500,1.83944454e+03,1.82300660e+03,0.705802
13.0600,1.83852494e+03,1.82210032e+03,0.705634
13.0700,1.83760579e+03,1.82119455e+03,0.705465
13.0800,1.83668710e+03,1.82028929e+03,0.705297
13.0900,1.83576887e+03,1.81938453e+03,0.705129
13.1000,1.83485110e+03,1.81848028e+03,0.704962
13.1100,1.83393379e+03,1.81757653e+03,0.704794
13.1200,1.83301694e+03,1.81667329e+03,0.704626
13.1300,1.83210054e+03,1.81577055e+03,0.704458
13.1400,1.83118461e+03,1.81486831e+03,0.704290
13.1500,1.83026913e+03,1.81396658e+03,0.704122
13.1600,1.82935411e+03,1.81306536e+03,0.703955
13.1700,1.82843955e+03,1.81216463e+03,0.703787
13.1800,1.82752544e+03,1.81126441e+03,0.703619
13.1900,1.82661179e+03,1.81036470e+03,0.703452
13.2000,1.82569860e+03,1.80946548e+03,0.703284
13.2100,1.82478587e+03,1.80856677e+03,0.703117
13.2200,1.82387359e+03,1.80766856e+03,0.702949
13.2300,1.82296177e+03,1.80677085e+03,0.702782
13.2400,1.82205040e+03,1.80587365e+03,0.702615
13.2500,1.82113949e+03,1.80497694e+03,0.702447
13.2600,1.82022903e+03,1.80408074e+03,0.702280
13.2700,1.81931903e+03,1.80318504e+03,0.702113
13.2800,1.81840948e+03,1.80228984e+03,0.701945
13.2900,1.81750039e+03,1.80139514e+03,0.701778
13.3000,1.81659176e+03,1.80050094e+03,0.701611
13.3100,1.81568357e+03,1.79960724e+03,0.701444
13.3200,1.81477585e+03,1.79871404e+03,0.701277
13.3300,1.81386857e+03,1.79782134e+03,0.701110
13.3400,1.81296175e+03,1.79692914e+03,0.700943
13.3500,1.81205538e+03,1.79603744e+03,0.700776
13.3600,1.81114947e+03,1.79514624e+03,0.700609
13.3700,1.81024401e+03,1.79425554e+03,0.700442
13.3800,1.80933900e+03,1.79336533e+03,0.700275
13.3900,1.80843444e+03,1.79247563e+03,0.700109
13.4000,1.80753034e+03,1.79158642e+03,0.699942
13.4100,1.80662669e+03,1.79069771e+03,0.699775
13.4200,1.80572349e+03,1.78980950e+03,0.699608
13.4300,1.80482074e+03,1.78892178e+03,0.699442
13.4400,1.80391844e+03,1.78803456e+03,0.699275
13.4500,1.80301659e+03,1.78714784e+03,0.699109
13.4600,1.80211520e+03,1.78626161e+03,0.698942
13.4700,1.80121425e+03,1.78537589e+03,0.698776
13.4800,1.80031376e+03,1.78449065e+03,0.698609
13.4900,1.79941371e+03,1.78360592e+03,0.698443
13.5000,1.79851412e+03,1.78272167e+03,0.698277
13.5100,1.79761497e+03,1.78183793e+03,0.698110
13.5200,1.79671628e+03,1.78095468e+03,0.697944
13.5300,1.79581803e+03,1.78007192e+03,0.697778
13.5400,1.79492024e+03,1.77918966e+03,0.697612
13.5500,1.79402289e+03,1.77830789e+03,0.697445
13.5600,1.79312599e+03,1.77742662e+03,0.697279
13.5700,1.79222954e+03,1.77654584e+03,0.697113
13.5800,1.79133353e+03,1.77566556e+03,0.696947
13.5900,1.79043798e+03,1.77478576e+03,0.696781
13.6000,1.78954287e+03,1.77390647e+03,0.696615
13.6100,1.78864821e+03,1.77302766e+03,0.696449
13.6200,1.78775400e+03,1.77214935e+03,0.696283
13.6300,1.78686024e+03,1.77127153e+03,0.696118
13.6400,1.78596692e+03,1.77039420e+03,0.695952
13.6500,1.78507405e+03,1.76951737e+03,0.695786
13.6600,1.78418162e+03,1.76864102e+03,0.695620
13.6700,1.78328964e+03,1.76776517e+03,0.695455
13.6800,1.78239811e+03,1.76688981e+03,0.695289
13.6900,1.78150702e+03,1.76601494e+03,0.695123
13.7000,1.78061638e+03,1.76514056e+03,0.694958
13.7100,1.77972618e+03,1.76426667e+03,0.694792
13.7200,1.77883643e+03,1.76339327e+03,0.694627
13.7300,1.77794712e+03,1.76252037e+03,0.694461
13.7400,1.77705826e+03,1.76164795e+03,0.694296
13.7500,1.77616984e+03,1.76077602e+03,0.694131
13.7600,1.77528187e+03,1.75990458e+03,0.693965
13.7700,1.77439434e+03,1.75903363e+03,0.693800
13.7800,1.77350725e+03,1.75816317e+03,0.693635
13.7900,1.77262061e+03,1.75729320e+03,0.693470
13.8000,1.77173441e+03,1.75642372e+03,0.693304
13.8100,1.77084865e+03,1.75555472e+03,0.693139
13.8200,1.76996334e+03,1.75468622e+03,0.692974
13.8300,1.76907847e+03,1.75381820e+03,0.692809
13.8400,1.76819404e+03,1.75295067e+03,0.692644
13.8500,1.76731005e+03,1.75208362e+03,0.692479
13.8600,1.76642651e+03,1.75121707e+03,0.692314
13.8700,1.76554341e+03,1.75035100e+03,0.692149
13.8800,1.76466074e+03,1.74948541e+03,0.691985
13.8900,1.76377852e+03,1.74862031e+03,0.691820
13.9000,1.76289674e+03,1.74775570e+03,0.691655
13.9100,1.76201541e+03,1.74689158e+03,0.691490
13.9200,1.76113451e+03,1.74602794e+03,0.691325
13.9300,1.76025405e+03,1.74516479e+03,0.691161
13.9400,1.75937403e+03,1.74430212e+03,0.690996
13.9500,1.75849446e+03,1.74343993e+03,0.690832
13.9600,1.75761532e+03,1.74257824e+03,0.690667
13.9700,1.75673662e+03,1.74171702e+03,0.690503
13.9800,1.75585836e+03,1.74085629e+03,0.690338
13.9900,1.75498054e+03,1.73999605e+03,0.690174
14.0000,1.75410316e+03,1.73913628e+03,0.690009
14.0100,1.75322622e+03,1.73827701e+03,0.689845
14.0200,1.75234972e+03,1.73741821e+03,0.689681
14.0300,1.75147365e+03,1.73655990e+03,0.689516
14.0400,1.75059803e+03,1.73570207e+03,0.689352
14.0500,1.74972284e+03,1.73484472e+03,0.689188
14.0600,1.74884808e+03,1.73398786e+03,0.689024
14.0700,1.74797377e+03,1.73313148e+03,0.688860
14.0800,1.74709989e+03,1.73227558e+03,0.688696
14.0900,1.74622645e+03,1.73142016e+03,0.688532
14.1000,1.74535345e+03,1.73056522e+03,0.688368
14.1100,1.74448088e+03,1.72971077e+03,0.688204
14.1200,1.74360875e+03,1.72885680e+03,0.688040
14.1300,1.74273705e+03,1.72800330e+03,0.687876
14.1400,1.74186579e+03,1.72715029e+03,0.687712
14.1500,1.74099497e+03,1.72629776e+03,0.687548
14.1600,1.74012458e+03,1.72544570e+03,0.687385
14.1700,1.73925463e+03,1.72459413e+03,0.687221
14.1800,1.73838511e+03,1.72374304e+03,0.687057
14.1900,1.73751602e+03,1.72289243e+03,0.686894
14.2000,1.73664737e+03,1.72204229e+03,0.686730
14.2100,1.73577916e+03,1.72119264e+03,0.686566
14.2200,1.73491138e+03,1.72034346e+03,0.686403
14.2300,1.73404403e+03,1.71949476e+03,0.686239
14.2400,1.73317712e+03,1.71864654e+03,0.686076
14.2500,1.73231064e+03,1.71779880e+03,0.685913
14.2600,1.73144459e+03,1.71695154e+03,0.685749
14.2700,1.73057898e+03,1.71610475e+03,0.685586
14.2800,1.72971379e+03,1.71525844e+03,0.685423
14.2900,1.72884905e+03,1.71441261e+03,0.685259
14.3000,1.72798473e+03,1.71356725e+03,0.685096
14.3100,1.72712085e+03,1.71272238e+03,0.684933
14.3200,1.72625739e+03,1.71187797e+03,0.684770
14.3300,1.72539437e+03,1.71103405e+03,0.684607
14.3400,1.72453178e+03,1.71019060e+03,0.684444
14.3500,1.72366962e+03,1.70934762e+03,0.684281
14.3600,1.72280790e+03,1.70850513e+03,0.684118
14.3700,1.72194660e+03,1.70766310e+03,0.683955
14.3800,1.72108574e+03,1.70682155e+03,0.683792
14.3900,1.72022530e+03,1.70598048e+03,0.683629
14.4000,1.71936530e+03,1.70513988e+03,0.683466
14.4100,1.71850572e+03,1.70429976e+03,0.683303
14.4200,1.71764657e+03,1.70346011e+03,0.683141
14.4300,1.71678786e+03,1.70262093e+03,0.682978
14.4400,1.71592957e+03,1.70178223e+03,0.682815
14.4500,1.71507171e+03,1.70094400e+03,0.682653
14.4600,1.71421429e+03,1.70010624e+03,0.682490
14.4700,1.71335729e+03,1.69926896e+03,0.682327
14.4800,1.71250071e+03,1.69843215e+03,0.682165
14.4900,1.71164457e+03,1.69759581e+03,0.682002
14.5000,1.71078886e+03,1.69675994e+03,0.681840
14.5100,1.70993357e+03,1.69592455e+03,0.681678
14.5200,1.70907871e+03,1.69508963e+03,0.681515
14.5300,1.70822428e+03,1.69425518e+03,0.681353
14.5400,1.70737027e+03,1.69342120e+03,0.681191
14.5500,1.70651669e+03,1.69258769e+03,0.681028
14.5600,1.70566354e+03,1.69175465e+03,0.680866
14.5700,1.70481081e+03,1.69092209e+03,0.680704
14.5800,1.70395852e+03,1.69008999e+03,0.680542
14.5900,1.70310664e+03,1.68925837e+03,0.680380
14.6000,1.70225520e+03,1.68842721e+03,0.680218
14.6100,1.70140418e+03,1.68759652e+03,0.680056
14.6200,1.70055358e+03,1.68676631e+03,0.679894
14.6300,1.69970341e+03,1.68593656e+03,0.679732
14.6400,1.69885366e+03,1.68510728e+03,0.679570
14.6500,1.69800434e+03,1.68427847e+03,0.679408
14.6600,1.69715545e+03,1.68345013e+03,0.679246
14.6700,1.69630698e+03,1.68262226e+03,0.679085
14.6800,1.69545893e+03,1.68179486e+03,0.678923
14.6900,1.69461130e+03,1.68096792e+03,0.678761
14.7000,1.69376410e+03,1.68014145e+03,0.678600
14.7100,1.69291733e+03,1.67931545e+03,0.678438
14.7200,1.69207098e+03,1.67848992e+03,0.678276
14.7300,1.69122505e+03,1.67766485e+03,0.678115
14.7400,1.69037954e+03,1.67684025e+03,0.677953
14.7500,1.68953445e+03,1.67601612e+03,0.677792
14.7600,1.68868979e+03,1.67519245e+03,0.677630
14.7700,1.68784555e+03,1.67436925e+03,0.677469
14.7800,1.68700174e+03,1.67354652e+03,0.677308
14.7900,1.68615834e+03,1.67272425e+03,0.677146
14.8000,1.68531537e+03,1.67190245e+03,0.676985
14.8100,1.68447281e+03,1.67108111e+03,0.676824
14.8200,1.68363068e+03,1.67026023e+03,0.676663
14.8300,1.68278897e+03,1.66943983e+03,0.676501
14.8400,1.68194768e+03,1.66861988e+03,0.676340
14.8500,1.68110682e+03,1.66780040e+03,0.676179
14.8600,1.68026637e+03,1.66698139e+03,0.676018
14.8700,1.67942634e+03,1.66616284e+03,0.675857
14.8800,1.67858673e+03,1.66534475e+03,0.675696
14.8900,1.67774754e+03,1.66452712e+03,0.675535
14.9000,1.67690877e+03,1.66370996e+03,0.675374
14.9100,1.67607042e+03,1.66289326e+03,0.675214
14.9200,1.67523249e+03,1.66207703e+03,0.675053
14.9300,1.67439498e+03,1.66126126e+03,0.674892
14.9400,1.67355789e+03,1.66044594e+03,0.674731
14.9500,1.67272121e+03,1.65963110e+03,0.674571
14.9600,1.67188496e+03,1.65881671e+03,0.674410
14.9700,1.67104912e+03,1.65800278e+03,0.674249
14.9800,1.67021370e+03,1.65718932e+03,0.674089
14.9900,1.66937870e+03,1.65637632e+03,0.673928
15.0000,1.66854411e+03,1.65556377e+03,0.673768
15.0100,1.66770995e+03,1.65475169e+03,0.673607
15.0200,1.66687619e+03,1.65394007e+03,0.673447
15.0300,1.66604286e+03,1.65312891e+03,0.673286
15.0400,1.66520994e+03,1.65231821e+03,0.673126
15.0500,1.66437744e+03,1.65150797e+03,0.672966
15.0600,1.66354536e+03,1.65069819e+03,0.672805
15.0700,1.66271369e+03,1.64988887e+03,0.672645
15.0800,1.66188244e+03,1.64908000e+03,0.672485
15.0900,1.66105160e+03,1.64827160e+03,0.672325
15.1000,1.66022118e+03,1.64746366e+03,0.672165
15.1100,1.65939117e+03,1.64665617e+03,0.672004
15.1200,1.65856158e+03,1.64584914e+03,0.671844
15.1300,1.65773240e+03,1.64504257e+03,0.671684
15.1400,1.65690364e+03,1.64423646e+03,0.671524
15.1500,1.65607529e+03,1.64343080e+03,0.671364
15.1600,1.65524736e+03,1.64262560e+03,0.671205
15.1700,1.65441984e+03,1.64182086e+03,0.671045
15.1800,1.65359273e+03,1.64101658e+03,0.670885
15.1900,1.65276604e+03,1.64021275e+03,0.670725
15.2000,1.65193976e+03,1.63940938e+03,0.670565
15.2100,1.65111389e+03,1.63860647e+03,0.670406
15.2200,1.65028844e+03,1.63780401e+03,0.670246
15.2300,1.64946339e+03,1.63700201e+03,0.670086
15.2400,1.64863877e+03,1.63620046e+03,0.669927
15.2500,1.64781455e+03,1.63539937e+03,0.669767
15.2600,1.64699075e+03,1.63459873e+03,0.669608
15.2700,1.64616735e+03,1.63379855e+03,0.669448
15.2800,1.64534437e+03,1.63299882e+03,0.669289
15.2900,1.64452180e+03,1.63219955e+03,0.669129
15.3000,1.64369965e+03,1.63140073e+03,0.668970
15.3100,1.64287790e+03,1.63060237e+03,0.668811
15.3200,1.64205656e+03,1.62980446e+03,0.668651
15.3300,1.64123564e+03,1.62900700e+03,0.668492
15.3400,1.64041512e+03,1.62820999e+03,0.668333
15.3500,1.63959502e+03,1.62741344e+03,0.668174
15.3600,1.63877532e+03,1.62661735e+03,0.668015
15.3700,1.63795604e+03,1.62582170e+03,0.667856
15.3800,1.63713716e+03,1.62502651e+03,0.667696
15.3900,1.63631869e+03,1.62423177e+03,0.667537
15.4000,1.63550064e+03,1.62343748e+03,0.667378
15.4100,1.63468299e+03,1.62264364e+03,0.667220
15.4200,1.63386575e+03,1.62185026e+03,0.667061
15.4300,1.63304892e+03,1.62105733e+03,0.666902
15.4400,1.63223250e+03,1.62026484e+03,0.666743
15.4500,1.63141648e+03,1.61947281e+03,0.666584
15.4600,1.63060088e+03,1.61868123e+03,0.666425
15.4700,1.62978568e+03,1.61789010e+03,0.666267
15.4800,1.62897089e+03,1.61709942e+03,0.666108
15.4900,1.62815650e+03,1.61630919e+03,0.665949
15.5000,1.62734253e+03,1.61551941e+03,0.665791
15.5100,1.62652896e+03,1.61473008e+03,0.665632
15.5200,1.62571579e+03,1.61394120e+03,0.665474
15.5300,1.62490304e+03,1.61315277e+03,0.665315
15.5400,1.62409069e+03,1.61236478e+03,0.665157
15.5500,1.62327874e+03,1.61157725e+03,0.664998
15.5600,1.62246721e+03,1.61079016e+03,0.664840
15.5700,1.62165607e+03,1.61000353e+03,0.664682
15.5800,1.62084535e+03,1.60921734e+03,0.664523
15.5900,1.62003503e+03,1.60843160e+03,0.664365
15.6000,1.61922511e+03,1.60764630e+03,0.664207
15.6100,1.61841560e+03,1.60686146e+03,0.664049
15.6200,1.61760649e+03,1.60607706e+03,0.663890
15.6300,1.61679779e+03,1.60529310e+03,0.663732
15.6400,1.61598949e+03,1.60450960e+03,0.663574
15.6500,1.61518160e+03,1.60372654e+03,0.663416
15.6600,1.61437411e+03,1.60294393e+03,0.663258
15.6700,1.61356702e+03,1.60216176e+03,0.663100
15.6800,1.61276034e+03,1.60138004e+03,0.662942
15.6900,1.61195406e+03,1.60059876e+03,0.662784
15.7000,1.61114818e+03,1.59981793e+03,0.662627
15.7100,1.61034271e+03,1.59903755e+03,0.662469
15.7200,1.60953764e+03,1.59825761e+03,0.662311
15.7300,1.60873297e+03,1.59747812e+03,0.662153
15.7400,1.60792870e+03,1.59669907e+03,0.661996
15.7500,1.60712484e+03,1.59592046e+03,0.661838
15.7600,1.60632138e+03,1.59514230e+03,0.661680
15.7700,1.60551832e+03,1.59436458e+03,0.661523
15.7800,1.60471566e+03,1.59358731e+03,0.661365
15.7900,1.60391340e+03,1.59281048e+03,0.661208
15.8000,1.60311155e+03,1.59203409e+03,0.661050
15.8100,1.60231009e+03,1.59125815e+03,0.660893
15.8200,1.60150904e+03,1.59048265e+03,0.660735
15.8300,1.60070838e+03,1.58970759e+03,0.660578
15.8400,1.59990813e+03,1.58893297e+03,0.660421
15.8500,1.59910827e+03,1.58815880e+03,0.660263
15.8600,1.59830882e+03,1.58738507e+03,0.660106
15.8700,1.59750976e+03,1.58661178e+03,0.659949
15.8800,1.59671111e+03,1.58583893e+03,0.659792
15.8900,1.59591285e+03,1.58506652e+03,0.659635
15.9000,1.59511500e+03,1.58429456e+03,0.659478
15.9100,1.59431754e+03,1.58352303e+03,0.659321
15.9200,1.59352048e+03,1.58275195e+03,0.659164
15.9300,1.59272382e+03,1.58198130e+03,0.659007
15.9400,1.59192756e+03,1.58121110e+03,0.658850
15.9500,1.59113169e+03,1.58044133e+03,0.658693
15.9600,1.59033623e+03,1.57967201e+03,0.658536
15.9700,1.58954116e+03,1.57890313e+03,0.658379
15.9800,1.58874649e+03,1.57813468e+03,0.658222
15.9900,1.58795221e+03,1.57736668e+03,0.658065
16.0000,1.58715833e+03,1.57659911e+03,0.657909
16.0100,1.58636485e+03,1.57583198e+03,0.657752
16.0200,1.58557177e+03,1.57506529e+03,0.657595
16.0300,1.58477908e+03,1.57429904e+03,0.657439
16.0400,1.58398679e+03,1.57353323e+03,0.657282
16.0500,1.58319490e+03,1.57276785e+03,0.657126
16.0600,1.58240340e+03,1.57200292e+03,0.656969
16.0700,1.58161230e+03,1.57123842e+03,0.656813
16.0800,1.58082159e+03,1.57047435e+03,0.656656
16.0900,1.58003128e+03,1.56971073e+03,0.656500
16.1000,1.57924136e+03,1.56894754e+03,0.656344
16.1100,1.57845184e+03,1.56818479e+03,0.656187
16.1200,1.57766271e+03,1.56742247e+03,0.656031
16.1300,1.57687398e+03,1.56666059e+03,0.655875
16.1400,1.57608564e+03,1.56589915e+03,0.655719
16.1500,1.57529770e+03,1.56513814e+03,0.655563
16.1600,1.57451015e+03,1.56437757e+03,0.655406
16.1700,1.57372299e+03,1.56361743e+03,0.655250
16.1800,1.57293623e+03,1.56285773e+03,0.655094
16.1900,1.57214986e+03,1.56209846e+03,0.654938
16.2000,1.57136388e+03,1.56133963e+03,0.654782
16.2100,1.57057830e+03,1.56058123e+03,0.654626
16.2200,1.56979311e+03,1.55982327e+03,0.654471
16.2300,1.56900831e+03,1.55906574e+03,0.654315
16.2400,1.56822390e+03,1.55830865e+03,0.654159
16.2500,1.56743989e+03,1.55755198e+03,0.654003
16.2600,1.56665627e+03,1.55679576e+03,0.653847
16.2700,1.56587304e+03,1.55603996e+03,0.653692
16.2800,1.56509020e+03,1.55528460e+03,0.653536
16.2900,1.56430775e+03,1.55452967e+03,0.653380
16.3000,1.56352569e+03,1.55377517e+03,0.653225
16.3100,1.56274403e+03,1.55302111e+03,0.653069
16.3200,1.56196275e+03,1.55226747e+03,0.652914
16.3300,1.56118187e+03,1.55151427e+03,0.652758
16.3400,1.56040138e+03,1.55076151e+03,0.652603
16.3500,1.55962127e+03,1.55000917e+03,0.652447
16.3600,1.55884156e+03,1.54925726e+03,0.652292
16.3700,1.55806224e+03,1.54850579e+03,0.652137
16.3800,1.55728330e+03,1.54775474e+03,0.651981
16.3900,1.55650476e+03,1.54700413e+03,0.651826
16.4000,1.55572660e+03,1.54625395e+03,0.651671
16.4100,1.55494884e+03,1.54550419e+03,0.651516
16.4200,1.55417146e+03,1.54475487e+03,0.651361
16.4300,1.55339447e+03,1.54400598e+03,0.651205
16.4400,1.55261787e+03,1.54325752e+03,0.651050
16.4500,1.55184166e+03,1.54250948e+03,0.650895
16.4600,1.55106584e+03,1.54176188e+03,0.650740
16.4700,1.55029040e+03,1.54101470e+03,0.650585
16.4800,1.54951535e+03,1.54026795e+03,0.650430
16.4900,1.54874069e+03,1.53952164e+03,0.650276
16.5000,1.54796642e+03,1.53877575e+03,0.650121
16.5100,1.54719253e+03,1.53803028e+03,0.649966
16.5200,1.54641903e+03,1.53728525e+03,0.649811
16.5300,1.54564592e+03,1.53654064e+03,0.649656
16.5400,1.54487319e+03,1.53579647e+03,0.649502
16.5500,1.54410085e+03,1.53505271e+03,0.649347
16.5600,1.54332890e+03,1.53430939e+03,0.649192
16.5700,1.54255733e+03,1.53356649e+03,0.649038
16.5800,1.54178615e+03,1.53282402e+03,0.648883
16.5900,1.54101535e+03,1.53208198e+03,0.648729
16.6000,1.54024494e+03,1.53134036e+03,0.648574
16.6100,1.53947491e+03,1.53059917e+03,0.648420
16.6200,1.53870527e+03,1.52985840e+03,0.648265
16.6300,1.53793602e+03,1.52911806e+03,0.648111
16.6400,1.53716714e+03,1.52837815e+03,0.647957
16.6500,1.53639866e+03,1.52763866e+03,0.647802
16.6600,1.53563055e+03,1.52689959e+03,0.647648
16.6700,1.53486283e+03,1.52616095e+03,0.647494
16.6800,1.53409550e+03,1.52542273e+03,0.647340
16.6900,1.53332855e+03,1.52468494e+03,0.647186
16.7000,1.53256198e+03,1.52394758e+03,0.647032
16.7100,1.53179579e+03,1.52321063e+03,0.646878
16.7200,1.53102999e+03,1.52247411e+03,0.646723
16.7300,1.53026457e+03,1.52173802e+03,0.646569
16.7400,1.52949954e+03,1.52100235e+03,0.646416
16.7500,1.52873488e+03,1.52026710e+03,0.646262
16.7600,1.52797061e+03,1.51953227e+03,0.646108
16.7700,1.52720672e+03,1.51879787e+03,0.645954
16.7800,1.52644321e+03,1.51806388e+03,0.645800
16.7900,1.52568009e+03,1.51733032e+03,0.645646
16.8000,1.52491734e+03,1.51659719e+03,0.645493
16.8100,1.52415498e+03,1.51586447e+03,0.645339
16.8200,1.52339299e+03,1.51513218e+03,0.645185
16.8300,1.52263139e+03,1.51440031e+03,0.645032
16.8400,1.52187017e+03,1.51366886e+03,0.644878
16.8500,1.52110933e+03,1.51293783e+03,0.644724
16.8600,1.52034887e+03,1.51220722e+03,0.644571
16.8700,1.51958879e+03,1.51147703e+03,0.644417
16.8800,1.51882909e+03,1.51074726e+03,0.644264
16.8900,1.51806978e+03,1.51001791e+03,0.644111
16.9000,1.51731084e+03,1.50928899e+03,0.643957
16.9100,1.51655227e+03,1.50856048e+03,0.643804
16.9200,1.51579409e+03,1.50783239e+03,0.643651
16.9300,1.51503629e+03,1.50710472e+03,0.643497
16.9400,1.51427887e+03,1.50637747e+03,0.643344
16.9500,1.51352182e+03,1.50565064e+03,0.643191
16.9600,1.51276516e+03,1.50492423e+03,0.643038
16.9700,1.51200887e+03,1.50419824e+03,0.642885
16.9800,1.51125296e+03,1.50347266e+03,0.642732
16.9900,1.51049743e+03,1.50274750e+03,0.642579
17.0000,1.50974227e+03,1.50202276e+03,0.642426
17.0100,1.50898750e+03,1.50129844e+03,0.642273
17.0200,1.50823310e+03,1.50057454e+03,0.642120
17.0300,1.50747907e+03,1.49985105e+03,0.641967
17.0400,1.50672543e+03,1.49912798e+03,0.641814
17.0500,1.50597216e+03,1.49840533e+03,0.641661
17.0600,1.50521927e+03,1.49768310e+03,0.641508
17.0700,1.50446675e+03,1.49696128e+03,0.641356
17.0800,1.50371461e+03,1.49623987e+03,0.641203
17.0900,1.50296285e+03,1.49551889e+03,0.641050
17.1000,1.50221146e+03,1.49479832e+03,0.640898
17.1100,1.50146045e+03,1.49407816e+03,0.640745
17.1200,1.50070981e+03,1.49335842e+03,0.640592
17.1300,1.49995955e+03,1.49263910e+03,0.640440
17.1400,1.49920967e+03,1.49192019e+03,0.640287
17.1500,1.49846016e+03,1.49120169e+03,0.640135
17.1600,1.49771102e+03,1.49048361e+03,0.639983
17.1700,1.49696226e+03,1.48976595e+03,0.639830
17.1800,1.49621387e+03,1.48904870e+03,0.639678
17.1900,1.49546586e+03,1.48833186e+03,0.639526
17.2000,1.49471822e+03,1.48761544e+03,0.639373
17.2100,1.49397095e+03,1.48689943e+03,0.639221
17.2200,1.49322406e+03,1.48618383e+03,0.639069
17.2300,1.49247754e+03,1.48546865e+03,0.638917
17.2400,1.49173139e+03,1.48475388e+03,0.638765
17.2500,1.49098562e+03,1.48403952e+03,0.638613
17.2600,1.49024022e+03,1.48332558e+03,0.638460
17.2700,1.48949520e+03,1.48261205e+03,0.638308
17.2800,1.48875054e+03,1.48189893e+03,0.638156
17.2900,1.48800626e+03,1.48118622e+03,0.638005
17.3000,1.48726235e+03,1.48047392e+03,0.637853
17.3100,1.48651881e+03,1.47976204e+03,0.637701
17.3200,1.48577564e+03,1.47905057e+03,0.637549
17.3300,1.48503285e+03,1.47833950e+03,0.637397
17.3400,1.48429043e+03,1.47762885e+03,0.637245
17.3500,1.48354837e+03,1.47691861e+03,0.637094
17.3600,1.48280669e+03,1.47620878e+03,0.636942
17.3700,1.48206538e+03,1.47549936e+03,0.636790
17.3800,1.48132444e+03,1.47479036e+03,0.636639
17.3900,1.48058387e+03,1.47408176e+03,0.636487
17.4000,1.47984367e+03,1.47337357e+03,0.636336
17.4100,1.47910384e+03,1.47266579e+03,0.636184
17.4200,1.47836438e+03,1.47195842e+03,0.636033
17.4300,1.47762529e+03,1.47125146e+03,0.635881
17.4400,1.47688657e+03,1.47054491e+03,0.635730
17.4500,1.47614822e+03,1.46983876e+03,0.635579
17.4600,1.47541024e+03,1.46913303e+03,0.635427
17.4700,1.47467263e+03,1.46842770e+03,0.635276
17.4800,1.47393538e+03,1.46772278e+03,0.635125
17.4900,1.47319851e+03,1.46701827e+03,0.634973
17.5000,1.47246200e+03,1.46631417e+03,0.634822
17.5100,1.47172586e+03,1.46561048e+03,0.634671
17.5200,1.47099009e+03,1.46490719e+03,0.634520
17.5300,1.47025469e+03,1.46420431e+03,0.634369
17.5400,1.46951965e+03,1.46350184e+03,0.634218
17.5500,1.46878498e+03,1.46279977e+03,0.634067
17.5600,1.46805068e+03,1.46209811e+03,0.633916
17.5700,1.46731675e+03,1.46139686e+03,0.633765
17.5800,1.46658318e+03,1.46069601e+03,0.633614
17.5900,1.46584998e+03,1.45999557e+03,0.633463
17.6000,1.46511715e+03,1.45929553e+03,0.633313
17.6100,1.46438468e+03,1.45859590e+03,0.633162
17.6200,1.46365258e+03,1.45789668e+03,0.633011
17.6300,1.46292085e+03,1.45719786e+03,0.632860
17.6400,1.46218948e+03,1.45649944e+03,0.632710
17.6500,1.46145847e+03,1.45580143e+03,0.632559
17.6600,1.46072784e+03,1.45510383e+03,0.632408
17.6700,1.45999756e+03,1.45440663e+03,0.632258
17.6800,1.45926766e+03,1.45370983e+03,0.632107
17.6900,1.45853811e+03,1.45301344e+03,0.631957
17.7000,1.45780894e+03,1.45231745e+03,0.631806
17.7100,1.45708012e+03,1.45162186e+03,0.631656
17.7200,1.45635167e+03,1.45092668e+03,0.631506
17.7300,1.45562359e+03,1.45023190e+03,0.631355
17.7400,1.45489587e+03,1.44953752e+03,0.631205
17.7500,1.45416851e+03,1.44884355e+03,0.631055
17.7600,1.45344152e+03,1.44814998e+03,0.630905
17.7700,1.45271489e+03,1.44745681e+03,0.630754
17.7800,1.45198862e+03,1.44676405e+03,0.630604
17.7900,1.45126272e+03,1.44607168e+03,0.630454
17.8000,1.45053718e+03,1.44537972e+03,0.630304
17.8100,1.44981200e+03,1.44468816e+03,0.630154
17.8200,1.44908718e+03,1.44399700e+03,0.630004
17.8300,1.44836273e+03,1.44330624e+03,0.629854
17.8400,1.44763864e+03,1.44261588e+03,0.629704
17.8500,1.44691491e+03,1.44192593e+03,0.629554
17.8600,1.44619154e+03,1.44123637e+03,0.629404
17.8700,1.44546854e+03,1.44054721e+03,0.629254
17.8800,1.44474589e+03,1.43985846e+03,0.629105
17.8900,1.44402361e+03,1.43917010e+03,0.628955
17.9000,1.44330169e+03,1.43848215e+03,0.628805
17.9100,1.44258013e+03,1.43779459e+03,0.628655
17.9200,1.44185893e+03,1.43710743e+03,0.628506
17.9300,1.44113809e+03,1.43642068e+03,0.628356
17.9400,1.44041761e+03,1.43573432e+03,0.628207
17.9500,1.43969749e+03,1.43504836e+03,0.628057
17.9600,1.43897773e+03,1.43436280e+03,0.627907
17.9700,1.43825833e+03,1.43367763e+03,0.627758
17.9800,1.43753930e+03,1.43299287e+03,0.627609
17.9900,1.43682062e+03,1.43230850e+03,0.627459
18.0000,1.43610230e+03,1.43162453e+03,0.627310
18.0100,1.43538433e+03,1.43094096e+03,0.627160
18.0200,1.43466673e+03,1.43025779e+03,0.627011
18.0300,1.43394949e+03,1.42957501e+03,0.626862
18.0400,1.43323260e+03,1.42889263e+03,0.626713
18.0500,1.43251608e+03,1.42821065e+03,0.626564
18.0600,1.43179991e+03,1.42752906e+03,0.626414
18.0700,1.43108410e+03,1.42684787e+03,0.626265
18.0800,1.43036864e+03,1.42616708e+03,0.626116
18.0900,1.42965355e+03,1.42548668e+03,0.625967
18.1000,1.42893881e+03,1.42480668e+03,0.625818
18.1100,1.42822443e+03,1.42412708e+03,0.625669
18.1200,1.42751041e+03,1.42344786e+03,0.625520
18.1300,1.42679674e+03,1.42276905e+03,0.625371
18.1400,1.42608343e+03,1.42209063e+03,0.625222
18.1500,1.42537048e+03,1.42141260e+03,0.625074
18.1600,1.42465789e+03,1.42073497e+03,0.624925
18.1700,1.42394565e+03,1.42005774e+03,0.624776
18.1800,1.42323376e+03,1.41938090e+03,0.624627
18.1900,1.42252223e+03,1.41870445e+03,0.624479
18.2000,1.42181106e+03,1.41802839e+03,0.624330
18.2100,1.42110024e+03,1.41735273e+03,0.624181
18.2200,1.42038978e+03,1.41667747e+03,0.624033
18.2300,1.41967968e+03,1.41600259e+03,0.623884
18.2400,1.41896993e+03,1.41532811e+03,0.623736
18.2500,1.41826053e+03,1.41465403e+03,0.623587
18.2600,1.41755149e+03,1.41398033e+03,0.623439
18.2700,1.41684280e+03,1.41330703e+03,0.623290
18.2800,1.41613447e+03,1.41263412e+03,0.623142
18.2900,1.41542649e+03,1.41196160e+03,0.622994
18.3000,1.41471886e+03,1.41128947e+03,0.622845
18.3100,1.41401159e+03,1.41061774e+03,0.622697
18.3200,1.41330468e+03,1.40994640e+03,0.622549
18.3300,1.41259811e+03,1.40927545e+03,0.622401
18.3400,1.41189190e+03,1.40860489e+03,0.622253
18.3500,1.41118604e+03,1.40793472e+03,0.622105
18.3600,1.41048054e+03,1.40726494e+03,0.621956
18.3700,1.40977539e+03,1.40659555e+03,0.621808
18.3800,1.40907059e+03,1.40592655e+03,0.621660
18.3900,1.40836614e+03,1.40525795e+03,0.621512
18.4000,1.40766204e+03,1.40458973e+03,0.621365
18.4100,1.40695830e+03,1.40392190e+03,0.621217
18.4200,1.40625491e+03,1.40325447e+03,0.621069
18.4300,1.40555187e+03,1.40258742e+03,0.620921
18.4400,1.40484918e+03,1.40192076e+03,0.620773
18.4500,1.40414685e+03,1.40125449e+03,0.620625
18.4600,1.40344486e+03,1.40058861e+03,0.620478
18.4700,1.40274323e+03,1.39992311e+03,0.620330
18.4800,1.40204194e+03,1.39925801e+03,0.620182
18.4900,1.40134101e+03,1.39859329e+03,0.620035
18.5000,1.40064043e+03,1.39792897e+03,0.619887
18.5100,1.39994019e+03,1.39726503e+03,0.619740
18.5200,1.39924031e+03,1.39660147e+03,0.619592
18.5300,1.39854078e+03,1.39593831e+03,0.619445
18.5400,1.39784159e+03,1.39527553e+03,0.619297
18.5500,1.39714276e+03,1.39461314e+03,0.619150
18.5600,1.39644428e+03,1.39395114e+03,0.619002
18.5700,1.39574614e+03,1.39328952e+03,0.618855
18.5800,1.39504836e+03,1.39262829e+03,0.618708
18.5900,1.39435092e+03,1.39196745e+03,0.618561
18.6000,1.39365383e+03,1.39130699e+03,0.618413
18.6100,1.39295709e+03,1.39064692e+03,0.618266
18.6200,1.39226070e+03,1.38998723e+03,0.618119
18.6300,1.39156466e+03,1.38932793e+03,0.617972
18.6400,1.39086896e+03,1.38866902e+03,0.617825
18.6500,1.39017361e+03,1.38801049e+03,0.617678
18.6600,1.38947861e+03,1.38735234e+03,0.617531
18.6700,1.38878396e+03,1.38669458e+03,0.617384
18.6800,1.38808966e+03,1.38603721e+03,0.617237
18.6900,1.38739570e+03,1.38538022e+03,0.617090
18.7000,1.38670209e+03,1.38472361e+03,0.616943
18.7100,1.38600882e+03,1.38406739e+03,0.616796
18.7200,1.38531590e+03,1.38341155e+03,0.616649
18.7300,1.38462333e+03,1.38275609e+03,0.616503
18.7400,1.38393111e+03,1.38210102e+03,0.616356
18.7500,1.38323923e+03,1.38144633e+03,0.616209
18.7600,1.38254770e+03,1.38079203e+03,0.616063
18.7700,1.38185651e+03,1.38013810e+03,0.615916
18.7800,1.38116567e+03,1.37948456e+03,0.615769
18.7900,1.38047517e+03,1.37883141e+03,0.615623
18.8000,1.37978502e+03,1.37817863e+03,0.615476
18.8100,1.37909521e+03,1.37752624e+03,0.615330
18.8200,1.37840575e+03,1.37687423e+03,0.615183
18.8300,1.37771663e+03,1.37622260e+03,0.615037
18.8400,1.37702786e+03,1.37557135e+03,0.614891
18.8500,1.37633943e+03,1.37492048e+03,0.614744
18.8600,1.37565135e+03,1.37427000e+03,0.614598
18.8700,1.37496361e+03,1.37361990e+03,0.614452
18.8800,1.37427622e+03,1.37297017e+03,0.614305
18.8900,1.37358916e+03,1.37232083e+03,0.614159
18.9000,1.37290245e+03,1.37167187e+03,0.614013
18.9100,1.37221609e+03,1.37102329e+03,0.613867
18.9200,1.37153007e+03,1.37037508e+03,0.613721
18.9300,1.37084439e+03,1.36972726e+03,0.613575
18.9400,1.37015905e+03,1.36907982e+03,0.613429
18.9500,1.36947406e+03,1.36843276e+03,0.613283
18.9600,1.36878941e+03,1.36778607e+03,0.613137
18.9700,1.36810510e+03,1.36713977e+03,0.612991
18.9800,1.36742113e+03,1.36649384e+03,0.612845
18.9900,1.36673750e+03,1.36584830e+03,0.612699
19.0000,1.36605422e+03,1.36520313e+03,0.612553
19.0100,1.36537128e+03,1.36455834e+03,0.612407
19.0200,1.36468868e+03,1.36391393e+03,0.612262
19.0300,1.36400642e+03,1.36326989e+03,0.612116
19.0400,1.36332450e+03,1.36262624e+03,0.611970
19.0500,1.36264292e+03,1.36198296e+03,0.611825
19.0600,1.36196169e+03,1.36134006e+03,0.611679
19.0700,1.36128079e+03,1.36069753e+03,0.611534
19.0800,1.36060024e+03,1.36005539e+03,0.611388
19.0900,1.35992002e+03,1.35941362e+03,0.611243
19.1000,1.35924015e+03,1.35877222e+03,0.611097
19.1100,1.35856061e+03,1.35813121e+03,0.610952
19.1200,1.35788142e+03,1.35749057e+03,0.610806
19.1300,1.35720256e+03,1.35685030e+03,0.610661
19.1400,1.35652404e+03,1.35621041e+03,0.610516
19.1500,1.35584587e+03,1.35557090e+03,0.610370
19.1600,1.35516803e+03,1.35493176e+03,0.610225
19.1700,1.35449053e+03,1.35429300e+03,0.610080
19.1800,1.35381337e+03,1.35365462e+03,0.609935
19.1900,1.35313655e+03,1.35301660e+03,0.609789
19.2000,1.35246006e+03,1.35237897e+03,0.609644
19.2100,1.35178392e+03,1.35174170e+03,0.609499
19.2200,1.35110811e+03,1.35110482e+03,0.609354
19.2300,1.35043264e+03,1.35046830e+03,0.609209
19.2400,1.34975751e+03,1.34983216e+03,0.609064
19.2500,1.34908271e+03,1.34919640e+03,0.608919
19.2600,1.34840826e+03,1.34856101e+03,0.608774
19.2700,1.34773414e+03,1.34792599e+03,0.608630
19.2800,1.34706035e+03,1.34729134e+03,0.608485
19.2900,1.34638691e+03,1.34665707e+03,0.608340
19.3000,1.34571380e+03,1.34602317e+03,0.608195
19.3100,1.34504103e+03,1.34538964e+03,0.608050
19.3200,1.34436859e+03,1.34475649e+03,0.607906
19.3300,1.34369649e+03,1.34412371e+03,0.607761
19.3400,1.34302473e+03,1.34349130e+03,0.607616
19.3500,1.34235330e+03,1.34285926e+03,0.607472
19.3600,1.34168220e+03,1.34222760e+03,0.607327
19.3700,1.34101145e+03,1.34159630e+03,0.607183
19.3800,1.34034103e+03,1.34096538e+03,0.607038
19.3900,1.33967094e+03,1.34033483e+03,0.606894
19.4000,1.33900119e+03,1.33970465e+03,0.606749
19.4100,1.33833177e+03,1.33907484e+03,0.606605
19.4200,1.33766269e+03,1.33844540e+03,0.606461
19.4300,1.33699394e+03,1.33781633e+03,0.606316
19.4400,1.33632553e+03,1.33718763e+03,0.606172
19.4500,1.33565745e+03,1.33655931e+03,0.606028
19.4600,1.33498970e+03,1.33593135e+03,0.605884
19.4700,1.33432229e+03,1.33530376e+03,0.605739
19.4800,1.33365521e+03,1.33467654e+03,0.605595
19.4900,1.33298847e+03,1.33404969e+03,0.605451
19.5000,1.33232206e+03,1.33342321e+03,0.605307
19.5100,1.33165598e+03,1.33279710e+03,0.605163
19.5200,1.33099024e+03,1.33217136e+03,0.605019
19.5300,1.33032482e+03,1.33154599e+03,0.604875
19.5400,1.32965974e+03,1.33092098e+03,0.604731
19.5500,1.32899500e+03,1.33029635e+03,0.604587
19.5600,1.32833058e+03,1.32967208e+03,0.604444
19.5700,1.32766650e+03,1.32904818e+03,0.604300
19.5800,1.32700275e+03,1.32842465e+03,0.604156
19.5900,1.32633933e+03,1.32780148e+03,0.604012
19.6000,1.32567624e+03,1.32717868e+03,0.603868
19.6100,1.32501349e+03,1.32655625e+03,0.603725
19.6200,1.32435107e+03,1.32593419e+03,0.603581
19.6300,1.32368897e+03,1.32531249e+03,0.603437
19.6400,1.32302721e+03,1.32469116e+03,0.603294
19.6500,1.32236578e+03,1.32407020e+03,0.603150
19.6600,1.32170468e+03,1.32344960e+03,0.603007
19.6700,1.32104391e+03,1.32282937e+03,0.602863
19.6800,1.32038347e+03,1.32220951e+03,0.602720
19.6900,1.31972336e+03,1.32159001e+03,0.602576
19.7000,1.31906358e+03,1.32097087e+03,0.602433
19.7100,1.31840413e+03,1.32035210e+03,0.602290
19.7200,1.31774501e+03,1.31973370e+03,0.602146
19.7300,1.31708622e+03,1.31911566e+03,0.602003
19.7400,1.31642776e+03,1.31849799e+03,0.601860
19.7500,1.31576963e+03,1.31788068e+03,0.601717
19.7600,1.31511183e+03,1.31726374e+03,0.601574
19.7700,1.31445435e+03,1.31664716e+03,0.601430
19.7800,1.31379721e+03,1.31603094e+03,0.601287
19.7900,1.31314039e+03,1.31541509e+03,0.601144
19.8000,1.31248391e+03,1.31479960e+03,0.601001
19.8100,1.31182775e+03,1.31418448e+03,0.600858
19.8200,1.31117191e+03,1.31356972e+03,0.600715
19.8300,1.31051641e+03,1.31295532e+03,0.600572
19.8400,1.30986123e+03,1.31234128e+03,0.600429
19.8500,1.30920638e+03,1.31172761e+03,0.600287
19.8600,1.30855186e+03,1.31111430e+03,0.600144
19.8700,1.30789767e+03,1.31050135e+03,0.600001
19.8800,1.30724380e+03,1.30988877e+03,0.599858
19.8900,1.30659026e+03,1.30927655e+03,0.599716
19.9000,1.30593705e+03,1.30866468e+03,0.599573
19.9100,1.30528416e+03,1.30805319e+03,0.599430
19.9200,1.30463160e+03,1.30744205e+03,0.599288
19.9300,1.30397937e+03,1.30683127e+03,0.599145
19.9400,1.30332746e+03,1.30622086e+03,0.599002
19.9500,1.30267588e+03,1.30561080e+03,0.598860
19.9600,1.30202462e+03,1.30500111e+03,0.598717
19.9700,1.30137369e+03,1.30439178e+03,0.598575
19.9800,1.30072308e+03,1.30378280e+03,0.598433
19.9900,1.30007280e+03,1.30317419e+03,0.598290
20.0000,1.29942285e+03,1.30256594e+03,0.598148
